address,typology,operation_id
118XpTb3cBGGPgjXC12KNYkhQvPwwFV5nJ,peeling_chain,peeling_chain-042
1193CxgNTemHsWKUQ1kWm7kGRrCM1VQEsq,mixer_layering,mixer_layering-053
11SaSdBULztba58ZiQtxxMzqwZUME4HEYv,peeling_chain,peeling_chain-019
11jxnGKP6Z6P6dNvrjnNsfu2na1XtUSrat,peeling_chain,peeling_chain-028
125p74VHn7YuHCAD4zgmZJVy4cWmmxevuf,mixer_layering,mixer_layering-055
12vqGMLG2ZdpZhoBkgDFoM6TLL3V3WL4mh,peeling_chain,peeling_chain-030
13SEKjkaAHhDknJYoqCMaJgDabbq8poagK,peeling_chain,peeling_chain-028
13kLzgr9bEnAybQhmAJMpG5fCzsQ6dqHwy,sybil_broadcast,sybil_broadcast-090
13mHZr4HQ2TnAFUcdaJg373NZJvp3Bqvc7,sybil_broadcast,sybil_broadcast-099
146KyYrvjAHAeCa2aqAzyJaVGd1y8f5j5P,peeling_chain,peeling_chain-020
14S8nsjXftMRwSBivZsb3jLfJm4UaS6mNA,mixer_layering,mixer_layering-055
14jBHXH9y8YhtjTnMmTLbAoXeTbh6ouKpu,mixer_layering,mixer_layering-049
14nCbLx99hjdUJJ2nv7PKo9dg4ToLN8phb,peeling_chain,peeling_chain-031
14qJBchtNxcoTDVZYqNvkEGQkxKrfdPPdM,sybil_broadcast,sybil_broadcast-091
1552x5jqdiaKVxcgoErdEQTwDZenG6qBmz,peeling_chain,peeling_chain-038
158rwzSHowKsQEdCkAqQozxrmKkXx8anPi,peeling_chain,peeling_chain-025
15NLX3SQAiCvkQgoD2L6cCHfjN6BcnifVz,mixer_layering,mixer_layering-046
15ZaCx1hsnKrv3PrKGJBz2VcBTRRMDE5X8,mixer_layering,mixer_layering-043
15er6kndRYC1zTTmhbFrjRduPkGGcSc5AJ,mixer_layering,mixer_layering-052
15fEGpBsc8jL8BF5hi4X44ZXLpiD8ai3DV,sybil_broadcast,sybil_broadcast-092
15hpdgpafxJybB1VkzW2ddEw9Vx6oQwT2K,sybil_broadcast,sybil_broadcast-090
16ZHQL5UWE469yRiMX5B6kNP1oUnCRm7PT,mixer_layering,mixer_layering-045
16uk6YrCViiE3h5Zdd4Z5ynYSDhFihFF8T,peeling_chain,peeling_chain-037
16wziXTK6g695zZMEdsWSoy7WkJVnRPWxw,mixer_layering,mixer_layering-057
17HS4vdxCZG78ZfqHS55ndo3cwRiXVoM4E,peeling_chain,peeling_chain-023
17Qy6rWbJqu6ZsjLNow6U4o8Kv6aLSMmGZ,mixer_layering,mixer_layering-051
17sGvVbUQaJzmJVuF8R84YYwMkZKVLUUH7,mixer_layering,mixer_layering-046
17tqmFJQu59EmTVgX1xggsNEs7Bx7BvS81,peeling_chain,peeling_chain-038
17wefZSHg64MKZptsnK8bHWEaNS1qVDmXZ,mixer_layering,mixer_layering-045
182vYZzzCpuCySh126FhHRSyzYxvRizdz7,sybil_broadcast,sybil_broadcast-093
18XCuRLaGSHsDuvuLbm3xAqSpBCWNiVUJz,mixer_layering,mixer_layering-047
18bWbckPdvC7dCscJnBDV57kZNLGHn7vhJ,sybil_broadcast,sybil_broadcast-097
18cdsiZBGQRcB5RSUH1efVz79qjNAt22Db,peeling_chain,peeling_chain-022
19G8SyRTbNpsXBubxDGLtiMEq5wJF3wL9g,peeling_chain,peeling_chain-037
19QsMLke3HBSfXa9FupnkrcRY8oT7sQbkG,mixer_layering,mixer_layering-050
1A4mSadEkauHc4CfpptGpJt5EsFkUZBLZc,mixer_layering,mixer_layering-046
1AQGiSwiQQjWbpcaN5oEG9Wt5Hne7ZUSz6,sybil_broadcast,sybil_broadcast-092
1AV6ptkK3UDdy5QvYvWTL4vtkrZhU5d1VZ,peeling_chain,peeling_chain-019
1BVECjLoh5ALnSgLtAWhZ94nQXxt1u7Fbs,sybil_broadcast,sybil_broadcast-095
1BX4ic2Kx2PFAdKR5Px6qdQZxBAL6W17LJ,sybil_broadcast,sybil_broadcast-091
1BxHne81gvTRJgRnVJ27Ge4KzZ5JbMKWSU,peeling_chain,peeling_chain-022
1CPFu8PHskTV6gWtPa5oVNnqQuVe743LZM,mixer_layering,mixer_layering-043
1CPTcnVMpfL3QkfcFrTnsjCJ9Zd3Lnba3J,peeling_chain,peeling_chain-027
1CToeBQgoiPVvwGyABAjWHt2wcZDhAY7Q2,peeling_chain,peeling_chain-027
1CrKbc46VbkbSQGYJQbMRxvgbraWkvt8d2,peeling_chain,peeling_chain-042
1Cs3yy6hVmLRYg1phYZ2fMu6Vz3JrZxtjg,mixer_layering,mixer_layering-057
1D3tvUoGMMvYVnrYboSJW3yGFvFG4UYFhR,mixer_layering,mixer_layering-047
1DBd5NRHyJwthHtpc9QXJkjXBbxXwMDFg9,peeling_chain,peeling_chain-029
1DT5ZEV2KEKXr6VSiq7SGXjCJp21824oMs,mixer_layering,mixer_layering-049
1DkRq8zJcQgbCo8pJSHNDSsoqiS727mb9N,mixer_layering,mixer_layering-053
1EQssRhL7eTGC6ERBKYfeSMUvtLn2JqwWx,peeling_chain,peeling_chain-020
1EY8NoYS7vwXFr9mgWNK18jNPcuPfqTuMY,sybil_broadcast,sybil_broadcast-091
1ErzJqo3DJqgCCxkqmYY2KQdpo3aAdWiDa,peeling_chain,peeling_chain-036
1FA1NGYnyZtcA8P2ddZ4LPnGZM4fRFcTor,peeling_chain,peeling_chain-042
1FP2obu6gTE2Nqb4C9opYwhxhbadMht7pH,peeling_chain,peeling_chain-028
1FPEMgKmGUe8hLkuRLhKtdLoEVUsTqAvny,peeling_chain,peeling_chain-039
1FSXWCuvrFurdP9sLLt6RGSrRorVwCH8mH,peeling_chain,peeling_chain-019
1FgW1X8DadsVf8jyk2mUZxcMGQWEA6fAzE,sybil_broadcast,sybil_broadcast-091
1GcRu8bCV8R8MvdHQCJCUwqzCZ5xnNrzrv,mixer_layering,mixer_layering-052
1GeVEs8Wnk7ESoHkj9zH3HXhH1uZPset1r,mixer_layering,mixer_layering-049
1Gsogpvh5XtPUMBWd7asHL6NqupSmA28bp,peeling_chain,peeling_chain-029
1HL32GKaFGhrqH6sMoVk2HrwiHps2MA39w,sybil_broadcast,sybil_broadcast-098
1HLEv55T5qQ77DTPGuhsZiZBRMzfdCwda4,mixer_layering,mixer_layering-046
1HQVzuMQgLJS7zUzf39pH8zvxdXp8tZLoh,peeling_chain,peeling_chain-032
1HRnNEXw5m8GE1kHrLgPwVAtZnDnD2rNzd,mixer_layering,mixer_layering-045
1HVpdr2GAaHd4nyjqPPyKSTKocSB4yANiZ,mixer_layering,mixer_layering-047
1HiKEsTzyzojXJAe8F6JEBtc2mzeY5A7E7,sybil_broadcast,sybil_broadcast-091
1HjDQscuRTHZ4FAUcnZKbkBcaMrV5Ux75M,peeling_chain,peeling_chain-042
1J2c1oSoihWnTcLnzKEg4DZ2jTejxnvXW1,peeling_chain,peeling_chain-036
1KCkgiRq3hY4TWMUBCAt45UUiw5Xew4Now,mixer_layering,mixer_layering-050
1KYz4Ecu76tsoTyXjB99aMJzvnC7kqAK2Y,peeling_chain,peeling_chain-025
1Kod25CQSHRPtuGEqYyot4dKdo8eVERygH,mixer_layering,mixer_layering-054
1L5iqJZXQ2vo6MsN6AemywstoN4BC3Kycs,peeling_chain,peeling_chain-030
1LhFNQ9258kVMcpaZxAJ1cBzacDgSkd3jo,sybil_broadcast,sybil_broadcast-094
1M3ExTjZ4mnCeXhqw4wHkWZ2g5MMDVJSTd,rapid_passthrough,rapid_passthrough-060
1MK5Xg75ZZCGvosh2DdffLonEeeJPX2CG3,peeling_chain,peeling_chain-036
1MRtS3474Vq8LpvBSTRdmwAVT7bdSwVYPP,mixer_layering,mixer_layering-057
1MUvshjeaZEhCtc1T6tF9X9DfQYG4FdiS1,peeling_chain,peeling_chain-029
1McFKXQAWfnE1u93FXSHBesZpX72hgqzCq,mixer_layering,mixer_layering-047
1Mv1kSvBohGF7YBcDGxCvQcKuz6t5ic3GJ,mixer_layering,mixer_layering-043
1NBT4KdfxGrYMrSLUre9LYbjYESS21N3X3,peeling_chain,peeling_chain-033
1NupgYpGNEH4mdC2mdxEgCT4nZVnXSEWMT,sybil_broadcast,sybil_broadcast-090
1P3bGuJUg5yLUrw6co26PB9ap67TB4ghnP,peeling_chain,peeling_chain-025
1PWCYDoi5LBAdxDZRFgE19SWyaQziJV1gH,peeling_chain,peeling_chain-024
1PZXpTzzzZxipaHeYWNcq5tB3Ri5eKywK9,sybil_broadcast,sybil_broadcast-092
1PezZgvdtXfC7VNxXub47xGDwnbTgaLa7u,sybil_broadcast,sybil_broadcast-098
1PgoUxiyrX6cQUPsr9onmrBEuaAXMGGcDZ,peeling_chain,peeling_chain-022
1PmzuQBFJWbKHzUtj7Aq3BvA5DnthJpZnZ,peeling_chain,peeling_chain-034
1Pvu8eWR31vKfs4GCLk58ougDYvXjKJUxL,mixer_layering,mixer_layering-049
1QRVWT389CGDhS1WLJfBY7k8NEtj3FBQtm,peeling_chain,peeling_chain-026
1RCWsxnMUYJWkS3ht6k8ZtMVeYdARoo4BX,sybil_broadcast,sybil_broadcast-088
1RMSFRK23qPjMTV84Gk4MTWiLwVuYvCsum,peeling_chain,peeling_chain-039
1RQMvw2t7kKedLwmdtwKXtE2Dq2fLCGvjk,peeling_chain,peeling_chain-022
1RZgyeX7PEyJM8gsa5Uug4uB6M3MDDzWVg,sybil_broadcast,sybil_broadcast-093
1S55Vq2gHCT8oVrCzzKFK5ByM3cRvdqnjU,peeling_chain,peeling_chain-031
1SC4rGPdXmMXzAafQE4kW8VDAe7nXcYURF,mixer_layering,mixer_layering-048
1SEAgLE1ZcA8kbYjs7vdHnf8sJM8khL2gN,peeling_chain,peeling_chain-027
1SfTn7BG566e7D6uyyzKTWR7jP4WFWLNY7,peeling_chain,peeling_chain-024
1SptQcjEnPsEJqP2emDqYyqA6pw6FvBN4P,rapid_passthrough,rapid_passthrough-079
1StUmz9RFVGdwQUndZiAuWKWsdS6L9Lqrp,peeling_chain,peeling_chain-027
1SyzGtctFbFqpw8wXFasG4NXCCjChmWKPg,peeling_chain,peeling_chain-037
1TBbntrrMfK9nmH4mejbQ4Enn5oGprRGxU,sybil_broadcast,sybil_broadcast-091
1TRXLqQUBN1aQLgLXdJrk76B4qMe2xMjAh,mixer_layering,mixer_layering-056
1TUVyoTc7D7Wa1aMARUiQCanWNBoeicstm,mixer_layering,mixer_layering-055
1Tdbg2PaxbU4cFFJF6xWZamcz816gjMVuw,sybil_broadcast,sybil_broadcast-099
1TqdLirvZM3AKAXVBRusxtQNKkqnfN4VrS,mixer_layering,mixer_layering-057
1TtBjsZgBzEJWLNX8zy1LRoKYGAQGg8uUh,sybil_broadcast,sybil_broadcast-094
1UHzZQG7v6B7UcmpycixXT5zfom9ybCubQ,peeling_chain,peeling_chain-027
1UP2zKNqL9kGteRXaY4avL17uuANFf7pcS,sybil_broadcast,sybil_broadcast-093
1UVykDoDdG389cdbHK75RVx42XvEu6LBh7,sybil_broadcast,sybil_broadcast-099
1UfHPLnxRWaKFr867EdS6y4TqqxJ6eR54y,mixer_layering,mixer_layering-050
1UgJq2732Xg8112JCYRM49PEVHfUXTpLYa,geo_hopping,geo_hopping-121
1VPqfhNszo4V7XTXpo1ehzEaQpv2y4Yb68,peeling_chain,peeling_chain-042
1VrKZ7tRBQpkwBp8YnYhYKmAm86eCgKpFv,mixer_layering,mixer_layering-043
1W6vt2ecbnw7BCEj5Ja4Xwj2uoJX62PStT,peeling_chain,peeling_chain-028
1WNdTT47dzvNqZSyb6T1nARhtPwdk9peFc,ransomware_fanin,ransomware_fanin-013
1WmCDJr5cKEsxki881ZhuaXBymNCMEHLoq,mixer_layering,mixer_layering-054
1X3RybRbTDxAJciaSJRFCegXwFRHXBzLmQ,ransomware_fanin,ransomware_fanin-005
1X4FaBrEruuCM3RjBsbnvbg2teu1c5FknN,mixer_layering,mixer_layering-047
1XaNzrCTXmc5BJ52SyC7MQkRqRp9hijn6o,peeling_chain,peeling_chain-029
1XdhjAu5sNisjeZfrJ9Jgg3QPTzp2iZ9QD,ransomware_fanin,ransomware_fanin-013
1Xmv1EwgwZEsfokeGoBVkVPPcqtsWrA1a3,mixer_layering,mixer_layering-048
1XpzSLZdgY6gwD2Chcs1uqtP2LYKeza2TM,sybil_broadcast,sybil_broadcast-099
1YBHLLJAASfhdDbUpt4Ya8fjyBuoi6vLL2,peeling_chain,peeling_chain-021
1YE41MySpTYCEsfSFk37qTuCmK9riZzMFT,sybil_broadcast,sybil_broadcast-099
1ZCWNXcB5RwAY5X32weq7hom553gcCBakV,peeling_chain,peeling_chain-020
1ZMHoB7dBrqTzn87MifX46AHW7fJ8TPUtB,sybil_broadcast,sybil_broadcast-090
1ZbVz4irgiaTehGKizXcgayopBjKNpEJ9z,ransomware_fanin,ransomware_fanin-011
1Zt7ooF4cLmwDYVkBMCxRSprQ7KGME3iWA,peeling_chain,peeling_chain-023
1a6FsXhNCPXNeVXhLTxyi45CGszwQJYS6u,sybil_broadcast,sybil_broadcast-092
1aBQpftrbem3BP8WRNhUhWVYk2Y3hzZYAE,peeling_chain,peeling_chain-021
1aL8SwD7HpeErExrvCf4eEPZ74HX1UH6Vw,peeling_chain,peeling_chain-026
1bJhUvbMMbomniti2yaNbRVacoz9nkN4uo,sybil_broadcast,sybil_broadcast-098
1bjDzSo4z5xpEVQKPFM1P2T7Kx2EMrA3wM,peeling_chain,peeling_chain-020
1bvu92QnB52QFMcquGPvt4CScZo7FrQGMA,peeling_chain,peeling_chain-041
1cY5CpphE9F5LHNcsSXTWzqaWVa2GsAwbL,sybil_broadcast,sybil_broadcast-089
1ccKiSTgSAnE86qVRtbVWw5QHHTFkKhtxh,mixer_layering,mixer_layering-046
1cuTYEkpgc45R9ggsWKdtgZ18pgd7oLRjn,peeling_chain,peeling_chain-019
1d4C85FF2SGKW3Uvhw1xqXpKtNBwC4yfcf,peeling_chain,peeling_chain-031
1dHBK9VkF5mUWgqwqmoM4MxGQbRGM85B88,mixer_layering,mixer_layering-043
1dbjVPBo8zPf2nQgECP7xQHGr13SENt9mE,peeling_chain,peeling_chain-041
1e6pkgciHZQj5AdZPWXTnbBr1UfL7wpXNp,rapid_passthrough,rapid_passthrough-080
1eqQP7gTcHdDjnjSxpu81QhX68esrc4NND,sybil_broadcast,sybil_broadcast-089
1eqjEM22gw4VyjkSnhbTPiGUdxVL3sEsA5,mixer_layering,mixer_layering-049
1eqtojyYkU7eUDmqNea1LHkuULxEK9uapJ,ransomware_fanin,ransomware_fanin-010
1fGH7Xsj74pJbbvs35ASrd2TXH5WfmdqYB,sybil_broadcast,sybil_broadcast-096
1fKQ5fxNQjuXDKDfsmZGmg3GNYhbYYaopM,mixer_layering,mixer_layering-052
1fnPFh3FK1HA3zq5effvnwhZnzhrAbZU4E,mixer_layering,mixer_layering-056
1gH9qUb39b9smFth5v63GiBjwGWjNAHJ8J,peeling_chain,peeling_chain-021
1gVNF4r6A3RyRujMVpPAzAeZkME6ocuDt6,mixer_layering,mixer_layering-047
1gpvZoXSs3og8qx3mpwD9ayPdoGv68rnoo,mixer_layering,mixer_layering-043
1gtV7yV6ak2fEepCZuZZfprRmKYaFNvePp,peeling_chain,peeling_chain-020
1iJwbzupdmoCGsZMxQsxNREQNB8FMvWnBf,peeling_chain,peeling_chain-025
1iM7bbaxbtei3DypirBXrVxmQh3REPLfRu,rapid_passthrough,rapid_passthrough-069
1ifizqLGyXDiA4gRCaH8jvCmXHaSrNH5g6,sybil_broadcast,sybil_broadcast-089
1j4FTvnuqWBxgS6jBCsd4j2RgK5vuhpfsV,peeling_chain,peeling_chain-030
1jsMEr2hqQimDKsTBnkU26UfJnWEuUGcws,rapid_passthrough,rapid_passthrough-068
1jt3XRDpoY7bUknWFVzdcrhPJnEy2UEKUN,mixer_layering,mixer_layering-049
1kF2oxEC4eZxzAK7EpBrGSoxUoCajqMCBS,sybil_broadcast,sybil_broadcast-098
1kKijNRxu29CiYZmmacUsbaRWNg87zuhce,peeling_chain,peeling_chain-019
1kc2bqNMVwPsuVvrJQkbtdrYy8P319nEfU,peeling_chain,peeling_chain-041
1keSNPWYLFKdojQs61hnbNET4cfS5WSYt4,peeling_chain,peeling_chain-032
1kfnd9jbMXgzg4DcFjVKL3Lz8XScoB5MHa,peeling_chain,peeling_chain-030
1nb5sEGCDQzv3Dndn9uAdHuZw2r5th85Qm,peeling_chain,peeling_chain-038
1neMnpbpYz831Ga62YTc9f672T6gNqUYGR,peeling_chain,peeling_chain-042
1njMLKygyYvaQxaixNqgBSJfY1VfYXquDZ,peeling_chain,peeling_chain-023
1nzqGBK82VmAtfbCXFwKwTo5XUgv3A1jwo,peeling_chain,peeling_chain-038
1oYySGckQb1v1du46dMz7rxnF34jjsaoU7,sybil_broadcast,sybil_broadcast-099
1obAKue2CG6dVcAzJShiVQ1FsUVv5PGT9f,peeling_chain,peeling_chain-027
1oscxzDJeN44fYctny8fW1AjhceuxXzyU6,mixer_layering,mixer_layering-055
1p38vgy3hB7W9PNfYjUZA6a1yNd38wJiYd,peeling_chain,peeling_chain-040
1pMQrfwCnvZBRvkrpytpeShe47VeZwM3vQ,mixer_layering,mixer_layering-047
1pQbVgscrtjnYYSwumkRkza4R8moxpSScw,sybil_broadcast,sybil_broadcast-098
1pR49kgeeaCDcQcMX4HpV3XKvMRSVX3aLt,sybil_broadcast,sybil_broadcast-089
1pY5vrUkZqtuAzt7eqRUSjBEaAyT4vycx7,mixer_layering,mixer_layering-057
1peVaDxqeEoYetFfqLcHcqWoMdx446EEU9,mixer_layering,mixer_layering-053
1phEJXTbmXMUJrDkSjfN9XbC6vGERYQFCm,mixer_layering,mixer_layering-048
1qY9QDEvWaC8F6GXtpyGv46ghitWFtNQSa,peeling_chain,peeling_chain-022
1qqKPhHdUknWNeXLzJvVHuiAAfnQXPsmGe,sybil_broadcast,sybil_broadcast-088
1qzqQKKnD17moDthuWoVLLSiJUFvoYKqNs,ransomware_fanin,ransomware_fanin-008
1rCuCuRDVjVMVZBNywrYssisXnxaX17CwL,mixer_layering,mixer_layering-057
1rQ7Aztg5oZCt9Wvjfaum1nKAfwHF5DsMp,sybil_broadcast,sybil_broadcast-091
1rjyAqhLrkb8NWkJBy8REHZsMrNT44d1S6,peeling_chain,peeling_chain-020
1rx3EAY2KpPyPf992TmUTbJmi2avxodAC4,peeling_chain,peeling_chain-033
1sHHb19wL1UHFtSxDXCtBTp2Q2EgRCfcg8,mixer_layering,mixer_layering-050
1sREZab71xQQSFSChrpF88vYxTxR1b9v8o,peeling_chain,peeling_chain-037
1snPoDS1pUjqa4sDBAjjMcsvzsnBtCEZZG,mixer_layering,mixer_layering-057
1tJEq9qRn8Kw8T9VBZrjLiMST6ubLgxWLs,peeling_chain,peeling_chain-024
1teqSnpbmuCMJcJQ8MjfqhHPLY2cV76Sxz,sybil_broadcast,sybil_broadcast-091
1tmZeuFQ8YWSJnD18TndNuiFvc3zVs425f,mixer_layering,mixer_layering-048
1tyB77A8sYhqAf8jDFMzFEjNnMddCMggQz,sybil_broadcast,sybil_broadcast-089
1u5XX3xvqAa7iCXoTdeWtnysPrWUYj4cmn,ransomware_fanin,ransomware_fanin-017
1u7dLhG8DhDJaipGAoBp7zTzvc1HtVhE7k,peeling_chain,peeling_chain-020
1uF23zXiKZtcATfZoMTzUNkUAKomBFSrPA,mixer_layering,mixer_layering-051
1uGBTZvXY7GG3GbBvzCtcM799PcF6TPL3Y,peeling_chain,peeling_chain-034
1ueRPoomv1hnugWuiw9ckEHoAxKdGRgcC8,mixer_layering,mixer_layering-051
1uxRnT1BaJNw1zCdCVKrBrPNx1oEcbZEUj,peeling_chain,peeling_chain-022
1uz1smNQ3YhvtDnrmEmdC6V8btRYqtZoyd,mixer_layering,mixer_layering-053
1vAUZV6NSuH4pYff97hS6pbPznPn7KNnDx,peeling_chain,peeling_chain-019
1vQVSZL6EMxTskAYrhmSU84rgoLYrv5SvT,mixer_layering,mixer_layering-056
1wQFk5gyzMN5WnCSnmbzSpQFo9x8x7VEEW,sybil_broadcast,sybil_broadcast-097
1wvKN5beAKn31aEeXKpYcy1JP4Y3CgDDNF,ransomware_fanin,ransomware_fanin-014
1wzDkK1trN5hF7iYytHVfZpBSh6omaSjej,peeling_chain,peeling_chain-042
1x49PphXrDsRmARieJAxRJYnVyLDhoMuEF,mixer_layering,mixer_layering-050
1yL4XNnt2xE2MaxaLNgMK8XSCH9JTtErRS,sybil_broadcast,sybil_broadcast-093
1ysiQYmDg1NeKvrSqP3ArFiCRQatWYcRDj,geo_hopping,geo_hopping-105
1zJLxE9Vbc7FtfGS9cFEPXGEyW4HKnPZEv,peeling_chain,peeling_chain-032
1zKcBY4k3aN1V5epD3YDjK3R6CeCkvserD,peeling_chain,peeling_chain-039
1ziRZcDJVPga8nVhkwuPy3Ze8hTmB4onRY,peeling_chain,peeling_chain-021
1zko4ygVw1tbw3z6qiob8kyfj6VMwRkPQE,peeling_chain,peeling_chain-019
31QFZ7JMMCdoMimxsZDUbgXxad4KYBApZM,peeling_chain,peeling_chain-020
31So24itpoqzeThR4FHsRdLsqcsHnUuKQz,peeling_chain,peeling_chain-028
31fXsr5oqMeJPAyXkqtRoNGmMjXfVbzLr4,rapid_passthrough,rapid_passthrough-065
31kGSeqkkY5cKCkzTn8byFGxHcXQgxKryY,sybil_broadcast,sybil_broadcast-091
31wz7HxUGwqmugf6FxhCziAWBERS3A4f6B,peeling_chain,peeling_chain-029
324zTwsNNPxzqMr5ojnYjY4QCmbYz9M4R4,mixer_layering,mixer_layering-049
32KHiSbjypa7BBz1u7XRGNij2psPu6Hm8c,mixer_layering,mixer_layering-045
32pAfMdFW46jME4PNWBU1K3fo4qqZkETfE,mixer_layering,mixer_layering-043
33CBy276t6QiTHpWJmZE6mMHiZrRjsoQoV,mixer_layering,mixer_layering-047
34Lo91q3sYZrrS1T34xvMtQRZfxAjth6v9,ransomware_fanin,ransomware_fanin-003
34aijCRReWVd5xeorjfbqaY53NW14LUrML,peeling_chain,peeling_chain-040
37uz7VYvwne4i7US3tKgK1jG2vbor2ApxV,peeling_chain,peeling_chain-025
38EqFm1Gtjx34vmUhtQ7tcYMWKPoJkX5UB,mixer_layering,mixer_layering-050
38yNpguFBSk9fNxiPfE1fbd1ue1kXsNSx5,geo_hopping,geo_hopping-110
391UUkoHagTEV4Bg3rgH1vS96ELGmSLy5Z,mixer_layering,mixer_layering-043
39Tj1ixJeXy9jYzQRxRX69gXVN5BzNLTn2,peeling_chain,peeling_chain-019
39seNNVZvaqMSHBaYMA2CwSvtmRYbTYV7K,sybil_broadcast,sybil_broadcast-090
3AggyqeKbqDNpyN1cxtzfo7vMi3QuxazrR,ransomware_fanin,ransomware_fanin-004
3AuyBAgMNYr35v7B4rF83RzE3MXR9Yndxg,peeling_chain,peeling_chain-039
3AvcpAkXq28dWQSbQgkCWFUU7QF3WFTJWy,sybil_broadcast,sybil_broadcast-092
3B4hvUmbP8o8xc1KpWH15VMxHvQE7noNLX,ransomware_fanin,ransomware_fanin-016
3Bauyvh4VnyQSm1K9yVGeCbxDKCYyR6utD,rapid_passthrough,rapid_passthrough-076
3BezAuaGXttGVr4ip79h6StLdfeE6g9ygh,sybil_broadcast,sybil_broadcast-094
3By5ycR9mhJbK4y6DZKAxcHShWKi3NGEjB,sybil_broadcast,sybil_broadcast-090
3CgCNyE4w2tqpYpM28fPar95qMH8gd4D8w,peeling_chain,peeling_chain-028
3Ch4QXxFmh5nGRSbzS3LhZpkeTRxcT8V1q,mixer_layering,mixer_layering-054
3D4XpmXv6B7c2S1rHgSAVQkWe8wYB4rN4s,sybil_broadcast,sybil_broadcast-099
3Er3evDFXT9T1nY4CtVENfEbxMTMPuU5Zg,peeling_chain,peeling_chain-023
3FNigagcFiHdk8dmLTJEVkjJb16xjwoWKZ,mixer_layering,mixer_layering-050
3FSsaJMo2vR4Smrn95hYgyCHVCVyy8CUWw,peeling_chain,peeling_chain-032
3FcYRG24cd9sUNezG3YdESpjT4HDQ2m8mz,peeling_chain,peeling_chain-028
3GMLHDsUQZWfNxR1WBk6zjogtv1xcskKfR,ransomware_fanin,ransomware_fanin-003
3GNE5tbd9mC19YBPrjpkgunfSwB5RxB3Pa,peeling_chain,peeling_chain-032
3H1Kjh1pmd1vLL5Q2Rh9g2G33bQgrndukQ,sybil_broadcast,sybil_broadcast-098
3H32LVTEyFaw2RrVQ6S3jGVXeFNESm2V6z,peeling_chain,peeling_chain-040
3HFJiEFntXszikB7NktFGHHnSqc7JvKMMM,peeling_chain,peeling_chain-030
3HJryQYwacDaKoFjvdmf8nr88h3G7deXKJ,peeling_chain,peeling_chain-021
3J2fcAXTQ9cxMByU9kdRNXHsyXv8krNEEf,peeling_chain,peeling_chain-024
3JtzCvrFTxaFnRLjirm3fRwj6KjSHDAaZk,mixer_layering,mixer_layering-052
3KJi6pcFwCJVGJcE2JEKX2A7q4VvmZwypa,mixer_layering,mixer_layering-055
3KSoQSACGq1Q1yArSpJCH9zGkPAMCTSYhG,peeling_chain,peeling_chain-024
3KfaBFpSAtwhv3gkWbqC4fcey4sHMZFe1K,peeling_chain,peeling_chain-023
3L6gTtpaR5qnBaxswfYZ67gET1gahTmczU,peeling_chain,peeling_chain-039
3LaiE5aa2kJG3VwjajvTcctA3naFr6Z91N,mixer_layering,mixer_layering-055
3MGpWTejazBiGx2Zn7WgbhVAx851Zqfh3X,sybil_broadcast,sybil_broadcast-098
3MdXbGw69K53wxPpowrRFf45GHbmBjtx6a,sybil_broadcast,sybil_broadcast-098
3MjvCxWmHWT18bqvZrBLkutQvKFyPfst7f,mixer_layering,mixer_layering-044
3N1Lot9u6SfEGAiGuo7LzXpGR4gCuPMPGD,mixer_layering,mixer_layering-055
3NLoPZy86Pwpzq7vM2kTRdCn9pTczmUL8A,mixer_layering,mixer_layering-048
3NrUgxCQ9bzWYFaDZyFu3VmaJMb3v3MhxV,mixer_layering,mixer_layering-053
3NvV3pXEiso8th3bVVUa7c9ZuFAdLQmF2k,peeling_chain,peeling_chain-026
3NwdSdkgK8qzBPoMku5v5kwk2irokavfSs,sybil_broadcast,sybil_broadcast-091
3PFLShhrG3zQGx7YpE2JnejqcRgDGGk7qD,mixer_layering,mixer_layering-052
3Q4UUcSbm7d37XdCjVqtuH12tmXVkqDjse,peeling_chain,peeling_chain-023
3Qv4DD3Fr4ETm9jCRofqEyPWXj5yUp3Vb1,peeling_chain,peeling_chain-030
3RqdA2B6ynMgJNoN16fTAgVe7hKjQjWjXf,mixer_layering,mixer_layering-045
3SK9nEwcZqU8S96Znk4h81734xbkJZrDGo,peeling_chain,peeling_chain-025
3SUKxbHWXSWgqAhzigbTdtBzuvQ8vu7zor,mixer_layering,mixer_layering-045
3SffKQyhBGcYDXazX6mYPHuXj5ZGiH83uN,peeling_chain,peeling_chain-031
3T3Do85T1PFji9Wqo6FoP25ga6RK8VBTwg,peeling_chain,peeling_chain-037
3TJg2fLwdttWnxAKV63aYoZkReATDLWMif,mixer_layering,mixer_layering-051
3TLptf8pr3jBHZQNu58q785XXeenDUxQSz,mixer_layering,mixer_layering-050
3TpKYzXxyDZCDiAaM5ZMvSVJuFaK2CPJVs,peeling_chain,peeling_chain-038
3UMvfzitK2tHykGMuqbHrd3A4d6kNDLq5t,sybil_broadcast,sybil_broadcast-093
3VAE5gva9r781G5Lg7ywyRWd9ckpMQYjGS,peeling_chain,peeling_chain-033
3VoFduD459rMjziBPRFEduyDW8NRor5BV3,peeling_chain,peeling_chain-020
3WXEK6xScLRMMSt3atHRDVKytHR37qV4iB,peeling_chain,peeling_chain-029
3WZzvTHqxKTKhHFPPym6U4dHUh5ei6VS4C,peeling_chain,peeling_chain-035
3WeqerCq85HQxCUL6YVrVkrGkKT8k4usw9,peeling_chain,peeling_chain-035
3WwX9Lupmi7VF1QsA24YbDMBgZTX1uRDZQ,peeling_chain,peeling_chain-039
3WxUbXJeXb7i85xKRHEgC6Z1AeZDWc1asP,peeling_chain,peeling_chain-036
3WymFE39Tw8z4Hr8ic1xRWawkzBvbQGsLX,mixer_layering,mixer_layering-043
3WzhtxiL1H5o3p3krixBhwWFKTS9y6rRth,mixer_layering,mixer_layering-057
3XCRts4F9pvZhx4LTHzLiv3w1svPG3Uh9C,rapid_passthrough,rapid_passthrough-087
3XRCyvTYnDnSLn3uE8ECgmb3z5ViQffnpY,geo_hopping,geo_hopping-119
3XmkzbQKDUn4HvwjKpszciZK9NEiLCBTVk,mixer_layering,mixer_layering-052
3XuhZ2k9ytgAFhxMUF8LzHB989MxiHDLiQ,peeling_chain,peeling_chain-037
3XuiXogYsRB6CVDVXqewPjNn2b3bcST3Qv,mixer_layering,mixer_layering-046
3XyyQyHXwcnt3VSmK6GGEPSzWJM5oPdgp2,peeling_chain,peeling_chain-022
3Y7nMUndhFum7FsLWkYqH1u4UKGX1zFNk7,sybil_broadcast,sybil_broadcast-092
3YGJrCqg4VfpdhVESChUuzkoVDXa7tVY3d,peeling_chain,peeling_chain-029
3YMKmdcs5W8H2kdy7EnxXTYYqEcJyZrueY,peeling_chain,peeling_chain-026
3ZTRNoEUoWScsGEmibcAvEgUe2PFFx1yhh,peeling_chain,peeling_chain-036
3ZfNMmwqGqT3Fyij5A5ZVNbHgk95uDLprk,peeling_chain,peeling_chain-039
3ZzUamKbmbZiZeNfXJ9icWB1dZQ31Zz8JE,peeling_chain,peeling_chain-025
3aCKkwBu4cWwRwZcvJbo75DvZ51MZES6xo,sybil_broadcast,sybil_broadcast-095
3aXzH8qxA6K2xyij5Bj1vhcH6udXpmB6Mj,peeling_chain,peeling_chain-029
3aj4msveGVrYhjCtcht8nJVBSZke3h5oiC,geo_hopping,geo_hopping-111
3aqKL5ncjqNN67iDa2mB6D3DxXuV6GgW1H,peeling_chain,peeling_chain-035
3bQqTVVTGp5s2WjsHj63dBY63tVQd3dRyv,sybil_broadcast,sybil_broadcast-097
3cGCiVvVoKsScfdE7vSh1CJyFpzVnbBDb6,peeling_chain,peeling_chain-032
3cbcFPEshjjgsJ1TYwbj6ZYNPfkRt59Lo7,sybil_broadcast,sybil_broadcast-092
3cwbeite9fsQmxFC72iLAAoHERqYdDkUiV,peeling_chain,peeling_chain-031
3fMRiuu57B8EDxufyCM6S8YGCgaa5yibHb,peeling_chain,peeling_chain-040
3fo2DomNMYis2wcKTGaTbJLh9nEnETxMHq,peeling_chain,peeling_chain-042
3gUwrHCPPu4XopiJwQ7MUexKAgmCnMW6ac,peeling_chain,peeling_chain-019
3gaDa6P6bBwJA3uBFkQqVTSJPK3E6PpcS1,geo_hopping,geo_hopping-123
3gbfiWkAR1yhwUGJMYeq2JP53EPfx1Fv3S,peeling_chain,peeling_chain-029
3ge2dSDebdpULMZLhNvCeXsiisbJtPqxLt,sybil_broadcast,sybil_broadcast-095
3goWUR2Lv3F6GytXkttWvj1Kn9Y7nLB3aV,sybil_broadcast,sybil_broadcast-092
3gvJSzjCuJQ7mrwwKpHYgRcX4UEVfct9Au,ransomware_fanin,ransomware_fanin-016
3iCCKazxmYgWojheZXj78vYudicqxZvA4J,mixer_layering,mixer_layering-053
3iZknyoQFPw7nikVYHRNYWHMyrq9EKVpW5,ransomware_fanin,ransomware_fanin-018
3j94tM9VhC63FS77ZCfMSeWTfZ9hhYXkPb,peeling_chain,peeling_chain-024
3k7tukzFxj5rpK3FskYqrH7aVomdnfbVJb,peeling_chain,peeling_chain-040
3kiGYVazZBPJPxygydFBdYvtPqRdLhs8NA,peeling_chain,peeling_chain-023
3kugAtQW7wVDJKRgufuxGTzKHhCUFJddz7,sybil_broadcast,sybil_broadcast-095
3mMA4saA5BGLEuzdV7qH9fMU5ga7PVjAcH,peeling_chain,peeling_chain-021
3mwGuEHnyNPjm5J13XvU23B1xmoL1EZneu,rapid_passthrough,rapid_passthrough-071
3n52KaY6cnwdSb4Friv51q7PDYDZ7cpx66,peeling_chain,peeling_chain-033
3o35va9uxi2kbmmdooPA8D1SmsXCmCapdE,peeling_chain,peeling_chain-041
3oSiQBVqydh67DkEh73tzZstUPqXVCRx51,peeling_chain,peeling_chain-037
3oZuKyhLifhjdWKw4qsfB32nqzqjwFCWmC,peeling_chain,peeling_chain-022
3osS6AJYEnZb7Hda2fn1iZTUprL5Ph87zv,peeling_chain,peeling_chain-019
3p5yEmvXZ1rwxTwhy2R6oSvzWb2QpZ4NCu,mixer_layering,mixer_layering-048
3qdrd1v8v8wxPuBzwrW7vnHXPkoQEKFNL9,peeling_chain,peeling_chain-028
3rwEPWLEPAKPC1m4iSnroQT7dY1CgfWZpT,peeling_chain,peeling_chain-036
3s26CQ5hJSRzDTgQcVy4WAd4UHzhivDdg9,mixer_layering,mixer_layering-044
3seFsAYWR8ENXMGpvTy5QhgrALYPTh7ZYo,peeling_chain,peeling_chain-028
3szWfeEB1m5n81MyFRHxyYLT6gqoVAavBg,sybil_broadcast,sybil_broadcast-091
3tD5PWKNgrexHehPPBazFAeouYToxt7VkE,sybil_broadcast,sybil_broadcast-098
3tEBk1rcswxM3aSMciTpXKoBCR27WMWia7,peeling_chain,peeling_chain-023
3tLGSHXw1ATDAe8jqqDZKDbUiu3naNrs24,peeling_chain,peeling_chain-019
3tY4AP74tSpXyDkhXmt6tfXDKEgvNXa9EJ,sybil_broadcast,sybil_broadcast-099
3u15GoTjRxYr8qiG1p9ZGgqJEhhpiKQ58w,peeling_chain,peeling_chain-042
3uGhEVKSyB7YQPBGhxMs3bJCbsUCGXUijK,rapid_passthrough,rapid_passthrough-073
3ucCNjGaKfDKCG81CGrKbBYMM7FQ93YwcL,peeling_chain,peeling_chain-033
3uuDPWnL8Du5efZ9AegHRhdAJdsmh8JPhM,mixer_layering,mixer_layering-052
3vwDPvAqfMrbNgfwPLvFmDcS5Jd9D8o9Wj,peeling_chain,peeling_chain-024
3wmKdW3Dxi2gvbCN47tUk8JYTUEQ1negL7,peeling_chain,peeling_chain-021
3wwkni6PkpaHGHgq7bzKgsYN1rKmmkS9cc,mixer_layering,mixer_layering-046
3xRXUaA867bGEiKk7V1aqCPpg6B7Qj1mne,sybil_broadcast,sybil_broadcast-090
3xU1wmuBMkcR7aLKMHcHGSnTLmL59ZmWGS,mixer_layering,mixer_layering-045
3xXNttRdZNrgei4QaoXbifTJyk6PGKuxnr,rapid_passthrough,rapid_passthrough-061
3y2ff3vADkRVyimKcjphF4o4LbTzV1oKra,sybil_broadcast,sybil_broadcast-099
3ybCU98TfRXJ1nBXgAjbbsb8RP3uCK5NwD,sybil_broadcast,sybil_broadcast-089
3yoBikPzEJZzZTtvkoVmPDnX4oBEcQwhMa,peeling_chain,peeling_chain-038
3ypRr6gKsgN33Gp1iZnEkU8GQBUQp1uvAA,peeling_chain,peeling_chain-020
3yrDVdDKACdgkWLUEHsiq6cUexWN88477j,sybil_broadcast,sybil_broadcast-090
3yrS6v65rUJyaX7ZVRkYTurSS42X4CeUXk,peeling_chain,peeling_chain-021
3zHGCYbWRtjuTuJmpU3oVXkSrZmkZ6ZKr1,sybil_broadcast,sybil_broadcast-095
3zjbszsnfmnNa4ij4yhqFEuneAzBMm7iYi,mixer_layering,mixer_layering-043
3zkg9oiHhoGBrJQaWJF9EhhdcXE1os35Sb,sybil_broadcast,sybil_broadcast-097
bc1p007urrh30aew5ffrpttuddl2vqg54pn6uv04vkqze0ntfc2yzee7m7jmnr,sybil_broadcast,sybil_broadcast-089
bc1p0dgfzhrgmwrvpdv0rneyffksdzqznyjsn0gjpaf7uk08qpd5594yzdp9z4,sybil_broadcast,sybil_broadcast-091
bc1p0q7hmva3hzfxuc0h8lwy0mngpzxqksfltrun9dpa0act9pm98jhd0267kq,peeling_chain,peeling_chain-039
bc1p2478fyzpjvf3jx20wfv5ahyjtnjzdd8qwynzywuayftjrxnhfezj7r9ukx,peeling_chain,peeling_chain-026
bc1p26v0f90csn0r6u05f685mhhh5utse0gdrznpuz9w5nuew4fcsra5vr0nyd,sybil_broadcast,sybil_broadcast-094
bc1p3ltvfchuqvu09qdph8thklxydn5thffqhkkd640se6fysza7awah7kkeq6,ransomware_fanin,ransomware_fanin-007
bc1p448nk7zk9dqc7v7la44d8dsat7yq66cy86wf0dz5eap9gagndt9sqlksuw,peeling_chain,peeling_chain-027
bc1p464eycqlzek7cxjp4jdqgkvl6ln2ekgtt9paect9qc5ajnpha2kgwq5v5c,peeling_chain,peeling_chain-033
bc1p4afggr9rd94fzwu2jtxtl0cuzn0pddcx405u4pafh4rdrjq25eljyksl4l,mixer_layering,mixer_layering-045
bc1p4m70l0lupmelf88el98ehnyjk2ck63czpxzfsvgqx2f3vrycgvm94x003c,peeling_chain,peeling_chain-030
bc1p4xp0k8pkljxkjqzydxfccu0fkp5xumndt3qvmj6t7c9pxx065px59ycefv,peeling_chain,peeling_chain-021
bc1p57c8fps3awu0hlajpjfpmdyejdzl9e254t5f7q2yvkzt6kzlx2x3sudnc6,peeling_chain,peeling_chain-023
bc1p5jct022j3z4ns4g5upqa7u4huxfrlsjr7rtusqwg2uu9pvyujy2zep3mjp,mixer_layering,mixer_layering-047
bc1p60tvw3cyng2q4znp92yfu22ne5j3xhxp7fwfjahywt6mc4eqdjmftggg5n,sybil_broadcast,sybil_broadcast-097
bc1p65gsre8d757x256ksvwuxts5v8p6tl74v4l836reuug6ur3x7wkm92jwnm,ransomware_fanin,ransomware_fanin-012
bc1p6jevggwv6lhv50ywjguvcedqkhe4tkru36cwy5y46jxhnstqa7gesl3jxh,peeling_chain,peeling_chain-021
bc1p6jgehq5983a60dwdkk8nq5jxyr2det6mxzrzul390d8gf3ckscesc9nt5l,sybil_broadcast,sybil_broadcast-094
bc1p6pzkqu9tchs9fjtqvlcf4x0t4x0kkv6yfjlr9yc74z4ahmuc3kk5y70yyu,peeling_chain,peeling_chain-042
bc1p6svsz0j0zra2c9qpcntwt7647xt5gpylfzzlyn0pklzam8q6m2ngrhtnmm,sybil_broadcast,sybil_broadcast-097
bc1p6wp2a4r5dpkd9exdn6x2mq0hpeyvhvj98g6shc2lxklsfqw33u6twpahp8,peeling_chain,peeling_chain-019
bc1p6wwnswv52xpdy66v8du962hfy9l5432y2vysq26gwrmyncyn367tvjt2qj,peeling_chain,peeling_chain-022
bc1p742ghddt6yyxzhmmr6xh48w8djvknua8mzchg8rssaggw056wpz9u8lv3w,mixer_layering,mixer_layering-053
bc1p7j2p9lx58y9tfxl96mktpc0zkxtmvfr5n9krxqh60fgxvm2f9whc42wyxe,mixer_layering,mixer_layering-053
bc1p7mtmmwjaczx0jpk65j5l7jhmz79sj06vj2gvz85henxanryeq3q3ysltc4,peeling_chain,peeling_chain-025
bc1p7vjamkpykar5p0pgegt4mjjjgfey4han83ewm93q9lpjcpgr29zhqut9tp,peeling_chain,peeling_chain-024
bc1p83nfphymw4vfesw0amzey07dlrl667pdn5535jpt4ds0pjwn4uq4n56xz9,mixer_layering,mixer_layering-053
bc1p88c3jsxt3z897h8fqx95za74gqu7rq8xd9ed8fpfy098dyeze0zdralvuw,mixer_layering,mixer_layering-044
bc1p8gj5txqyvs9emdkf7ph9ekd2d4xt34h9q47jve7yysvy26w4ehh6ljd8yh,mixer_layering,mixer_layering-045
bc1p8hukffs7q8jt764astusad6fsrjyw7avd0ryq2jly97e80ekv4udk49kuz,sybil_broadcast,sybil_broadcast-092
bc1p8jepz0c4dq8mt4swpunc32j4n0usarke4l70zmcl5kk6pjpjpprj6yenud,mixer_layering,mixer_layering-057
bc1p8lexnj0gs8gdprw66pj2wk8exe6rkup0kj9d0037k7xk6jg8xlqnehytzr,ransomware_fanin,ransomware_fanin-009
bc1p8lp7ucq2s3ux9jtpcvj70f0krsswl8axujxanl20t255d2eaer6k88qkl3,geo_hopping,geo_hopping-104
bc1p8xlz2qzdgy460q2f0mr8l6muwf3z9jnwxfz6qswu047phpx5eqpevu9e9d,peeling_chain,peeling_chain-039
bc1p98terfnjk5tekv59r644aj9d34sq9kmqrjgqfaash94vtlrn9ygdgdq0lw,peeling_chain,peeling_chain-028
bc1p9ngk7xwgqrqusu9qxd20naqa5wzj49qw7hstr62eawkk8e7jnyx5r40y2z,sybil_broadcast,sybil_broadcast-091
bc1p9pukv753sgxv7u3rwq3rndu8ssuj0hdcdrnsjr8g8cyttsrvnnwla9l9q9,peeling_chain,peeling_chain-024
bc1p9sud87270c5sdalnjsy42wldulxgpnauh8kvzg9pkftc7xlqt4sh3282ez,peeling_chain,peeling_chain-040
bc1papqfv2tnrj487kcerclca88ltwyfjay68nd6mhydam392zeyw6zts4l3mz,mixer_layering,mixer_layering-044
bc1paueaar43r59w4pqt7qsy9694ellczzkeeqyukra4umrvdejgf04g7hyjkm,geo_hopping,geo_hopping-118
bc1pave2xlhx5t5fnfem4z9smazchs5fe38rpgh760af7hs3npc4n4hadhc4n5,peeling_chain,peeling_chain-021
bc1pax9ns9jzwvzlt6n3erykjhwyp37v6ahewf36z9tmx6gcpt70tts43eumeg,mixer_layering,mixer_layering-052
bc1pc2a3g90z4zpxyavhrrjs5h0504rp08mmnxvnmv446tqryg7p6hq0nlxdla,peeling_chain,peeling_chain-039
bc1pc3l2e5wppk2t0w3lvsk6vcp2u6n7gamaslyp9zuglkzdyk4tk5k3d7fpcr,sybil_broadcast,sybil_broadcast-088
bc1pcm73ygampt7p4wmkxdtrluwsc8s4jentufcafsnllezrv0d2edm2wz5r0h,mixer_layering,mixer_layering-045
bc1pcmwed0c9x26435wpcgltqht7a6s6xgsksccjg9plnaqc40f2cusw0unwh2,sybil_broadcast,sybil_broadcast-088
bc1pcuwhfch6vnehn9lr3z8xeta89k5gnrvk2kxuetvnevlng4gr82r6r0a7ep,mixer_layering,mixer_layering-050
bc1pdjzfn6l0epxfm284jpddl68htze08mnu5xyp6e63kj6elgl89yd3kgpjap,peeling_chain,peeling_chain-027
bc1pdl67gx4459tytl5uv3yhua9yyd9ysau2xe475m4vvfpcc8nlgtrag2cwnz,peeling_chain,peeling_chain-042
bc1pdlznhfthujsn7zd5q0tm53yl63r4529mynjfj7updf6q5vqdr0rf6k37yk,peeling_chain,peeling_chain-028
bc1pdsgwegth3v8w2xa8uu8cl8jf42y2xm0q6wxyfh8mc68dyec6pezmflccar,mixer_layering,mixer_layering-052
bc1pe3yqcpwzgd084k96wu9axnk5udq2ajv68jhwgd756pq0q0y8ng7uhnmgrk,peeling_chain,peeling_chain-022
bc1pe4ta4r04zml3ztpu22lyku2g3k32394udtgjdaw0704d8s6jz0utt626z3,peeling_chain,peeling_chain-023
bc1peah6vd9s77v7wgzg8etrhkjjgpkt3hgt2m24xrp9fngyrn3ecc7malywvv,peeling_chain,peeling_chain-025
bc1peaz7m6t3w0gfw85gchyzg7xsrvs5pupe9xf7s29m0nc40vd5w7q65mkv0l,peeling_chain,peeling_chain-025
bc1pegjmfjyxnduflj6py0xvxwyav9h65pmxp6pw4jzq728jjzdtafquamnrf9,peeling_chain,peeling_chain-024
bc1pehru8spk3ua52xgvhkjumq2f4ty9fc4crv6rlda74sz8x7wk4qxswv5yu9,peeling_chain,peeling_chain-022
bc1peqdn7u6lnlzjds4053t73juhwu4zfgqp6h0nacfldk645hqlnmuq4d7wry,peeling_chain,peeling_chain-026
bc1pf407mre0ekf85g7qnm8e2c4l6kp8wws6ypf3f9kmu6hl6290pmyahc9v0p,peeling_chain,peeling_chain-036
bc1pfhshuhh5whz7kdtt46fvkajvp2vz5cwsf4k3xvje5s6h75zuneqkcs0vyj,peeling_chain,peeling_chain-041
bc1pfjcm3p47ksrhhmlx8x3vhdl0facze5dmp3xph27vre77t8t9m4km0nzm5s,mixer_layering,mixer_layering-056
bc1pfkth42eu509w8ruwfqht3f027p8q0s974lmmcv50vga0tqpnqlypcptvzx,peeling_chain,peeling_chain-040
bc1pfkucltpf82kyhu7t6d6ew9ya64dnkvvnzc8d8mxhny5gykld5sw2afpm48,rapid_passthrough,rapid_passthrough-083
bc1pfq4hm87qdzf23jzujf3nxetsxuasjua6qru0s2klaym6537faczm6c8765,sybil_broadcast,sybil_broadcast-093
bc1pfx7e4uhkv4zlzavsthkrt2kt7m68glpc88ljys7a9lwtg0n5q7vlclt66q,mixer_layering,mixer_layering-055
bc1pfxcy50paypwktllf49aud83vmyc9c7kmrva9c0fuk3p5x9vgaqa907z6yy,mixer_layering,mixer_layering-054
bc1pg6efhu0ntjhdcswsdpa4k4wmxxh0afgpjqjufxrngwevdd4g2usr09mnmf,sybil_broadcast,sybil_broadcast-093
bc1pgmd2xz0z8sxhg2856kmjfkst3vzucc2s6w97efxx3u3u4fqtqksv29n7dd,mixer_layering,mixer_layering-046
bc1ph6a9tjhacz0lme50fysghx676y9hwa25ys94qllyn3rvwwtyjfg7g8ajrg,sybil_broadcast,sybil_broadcast-096
bc1phacc72jvrpvdmfu9stvegqpwhfyvarvjwktrnvv53fl3gcj8639xmswzqa,peeling_chain,peeling_chain-041
bc1phe8zw6fqegax7zl9alssazjt4662a8jd04c6w883cl90t8hy7sudc4n9ws,rapid_passthrough,rapid_passthrough-058
bc1phnn7qkpw5cvkva3dukmfqlg6gdn5ytg3e34xc7k986wkyp36wctz3rqlec,peeling_chain,peeling_chain-035
bc1phqr7h8p5qz37e3may4p7hww7rm8z589wvapn4tnyjytk38sueadn9fmf2s,mixer_layering,mixer_layering-049
bc1phtuhcch2egnxrga2cufxnnpncs8nu32h3exhplylng3q9qz3lfxnr5j8nh,sybil_broadcast,sybil_broadcast-097
bc1phxu5cnua09e75zxkqdn0y26z6cejn6pw62wlykpg3yzveclrz4mhqpddtc,peeling_chain,peeling_chain-023
bc1pj5wrf62w34dlsjjx5ndahcr4yflyw7ecxcfx0ap0wsasx536n585scf2rq,peeling_chain,peeling_chain-036
bc1pj6ph88j0talxrg2gpma729v03japp3qxnvwa4w5lq3fug2jzun7q9xhyd5,peeling_chain,peeling_chain-041
bc1pjhv8qf30klqwde6703r6t7e57jhw0mennd3kes5hpd5cj59a3f9n9ysypc,sybil_broadcast,sybil_broadcast-089
bc1pjq6v8g95f3ja6r0lser66upqt3x5qu2f80q48d0w7pfnsddgc300nrx2w7,peeling_chain,peeling_chain-037
bc1pk3ef3sycktavkufpkyqwvunjty6fmm4k636tgqg7tzxaysk6fcg0c76xyr,mixer_layering,mixer_layering-049
bc1pk4se534nj0u04vz67t4vuvs36l3q5gs6dfje6j7e7vhgztrtrxh7wpljj6,sybil_broadcast,sybil_broadcast-089
bc1pknd57y5a3ums9htccrvups356v900pf3z4upendczc3tay7srjyrtjfhvl,ransomware_fanin,ransomware_fanin-006
bc1pkp8sa6g27q27dmr5a36wey5q7ueg79n7k39hyuvpa9zk2389hy9qr78qvh,peeling_chain,peeling_chain-036
bc1pl27rppxze34da6n6lq7ncluczjn2a9pkkjrftxd98ffmwrsh5jx0gy8v2c,ransomware_fanin,ransomware_fanin-010
bc1pl58tz7k6vu2k6v7vtgwmmh5938jdqg590zrgg9wyr8l44ce6m95hztxz7k,rapid_passthrough,rapid_passthrough-072
bc1plqgalgv3cfpaxa0mj9auyhvdqvvke4x2rplp53vn520vujvup2wve2542k,peeling_chain,peeling_chain-019
bc1plurql0athedljwmepuwftgek2y820uhv6mpmv4t53j7dfnx0hn2fqrdfkm,mixer_layering,mixer_layering-053
bc1pmdf0m9m38fru280a259qn989zmspdpwv5dn9h9qr3rkg46uulwleqwkf83,sybil_broadcast,sybil_broadcast-089
bc1pmpkgmclw675v4w06h300ck89vgxhyu9dgffz8jhp9sg646t5urcrhg26xv,peeling_chain,peeling_chain-034
bc1pn2h8vzs47wzjp255vx756efs8a6xfta0vdkzqff0x7k8gvpy0vugyl2zur,peeling_chain,peeling_chain-035
bc1pnj4r5hm7s4j4dwaywnucgc4q2uzaprts0n0xdr9ye4hhqf5nf7mhj6hfa5,peeling_chain,peeling_chain-019
bc1pnm63zxwq5jw2a6fgqk4wax96f4aj8mruw9lnz2axatsdfs22p86za3n873,peeling_chain,peeling_chain-020
bc1ppkfkwlrvj2aqa8p4zax446gwxcjsu3qrrd8n0ey8xjgcu065ffqflyzwh6,mixer_layering,mixer_layering-051
bc1ppqxrxhljqa2j8plhfun9s94hkjlqs35ahe5gk7u2zw3gpytkapflpwvx45,ransomware_fanin,ransomware_fanin-001
bc1pq62cg5nrvzzxyj3dspd9rc4k8kfjpwhr4kgje7j5lagmmgj7vctjcqfpmx,peeling_chain,peeling_chain-032
bc1pqdjw5m2u2nhkvdhzxej77y5mcyknxul8rhzmdu97m98v7xryl4gcthh05v,peeling_chain,peeling_chain-022
bc1pqe8ll0pma92e5rut2rnh28737quc3axs2465hqtc7688w95y5l6ft96gvv,rapid_passthrough,rapid_passthrough-066
bc1pqjfemm5dcz7j5qhjjvrdplxfzd5fram8cmfjnfm6t8hazfqv4jmhpk6j94,peeling_chain,peeling_chain-022
bc1pqmnv0l0e7z4749cdx58at2ckf08gw7kjafhcvawa6gzfwlkavtpsye2zrt,peeling_chain,peeling_chain-022
bc1pqp08w8n43y70feyu6uu0gr3pwwstt05fr3lyltu0drgxxcevkqyye29sh9,peeling_chain,peeling_chain-028
bc1pqss777q539ghtrqa7jg3p3wpq4w3cp55vymslz5j0pt9esf9raurepar0s,peeling_chain,peeling_chain-042
bc1pr6hvj9rvuz624gkec84wug3ysk2nzmvshslkwz3skz8c82wdpnxtyn6je7,peeling_chain,peeling_chain-034
bc1prk6fjhcgnqun03qksnyhppwk524qa5a6g06mwx466z899lv982lf5a7zdg,mixer_layering,mixer_layering-057
bc1prvvjsn3vh6ye2q7mcwvpe3c97sgqgeyhg6sp6u85s25aq2k0t8a0t579t2,sybil_broadcast,sybil_broadcast-098
bc1ps4zcrjv68a4n88s9mg60u89qznejmvp8dqufd57xr8nchpug3qj7vs0k55,sybil_broadcast,sybil_broadcast-096
bc1psh7n7geq6lghcappdk3vylhtdm5cx54s2lu3fumrj25kydehtlhytmqvza,peeling_chain,peeling_chain-023
bc1pswt8rs98rc5najkvdkjjgdz80un2yry2q4gdjrwlvwrpvflgcdu3jq2gen,mixer_layering,mixer_layering-052
bc1psy4f89t4gadz8qtjq2z2rgusf90267q0lxyll2762gxmdv8qelcclkfh6e,peeling_chain,peeling_chain-021
bc1ptnuczarfqyejt3ps6y6jmu9en3t9ega5sj2mxcv5ne065g6whsl2ur2v2m,mixer_layering,mixer_layering-057
bc1ptp5kuv76t7lw7yrgfg9y6jeed74mt6r3tgfsvfcx4r8vkunwnsffm99wpd,peeling_chain,peeling_chain-025
bc1ptpycntvxcpcx8q4r49t44ju6jr2ud8xfjgnsjczpn4k07qnjs67nny657t,geo_hopping,geo_hopping-103
bc1ptw44u2dv2gnh29p2ruzpxrr6vqk9x4xe64nl08ed30z2t6zqp6d09vnc8l,peeling_chain,peeling_chain-021
bc1puew887dmn2a8srv4hlfngylexp6fgzxj9ejtcly70h0su3u2t24mpzpgm2,peeling_chain,peeling_chain-032
bc1pumlc9lweeed4zjqwzccahv2a7k09l3asp2pxq68u5kweawpyvy37p6mpwj,sybil_broadcast,sybil_broadcast-094
bc1puvhykz7d6cplqffuznq8gm62s8ew3dcqkzsw762ehvcaza6jrq0s67vu5r,peeling_chain,peeling_chain-042
bc1puzmtc40asc57fatdvuguuzlch2chh8mdqy3psr6wq6s3kgsgc4vf7x6cms,peeling_chain,peeling_chain-023
bc1pvd5nc5xy4z9zzf3e38cf39newc7fjqfqncavz2wvc7ycck9t0djmkk2jp0,mixer_layering,mixer_layering-047
bc1pvrykhaesmh3c97sxca0n3zeewuqrrgqx3e2x7g0s32jh7jrqu8sxcjzk0h,sybil_broadcast,sybil_broadcast-097
bc1pvylwqar3e96ylq09rk3hgt5a6jne3l043wnfjvg4n0d98fxgd3qu97apte,sybil_broadcast,sybil_broadcast-092
bc1pw6n9jzdr9mv8w689xqqv8l6khu0kstau5len2z22a0seuw7u3q058a5dk6,peeling_chain,peeling_chain-033
bc1pwc9mgc4ulp6u0kw47dxf26v698rrxpq6vh8356fvz0wf2vew5jk6n2z6w7,sybil_broadcast,sybil_broadcast-088
bc1pwk2wdvt67ezar6jl2rdt0mml05ff8eh3zg5uemaxvnzwqn275h4zpcpcyl,sybil_broadcast,sybil_broadcast-096
bc1pwl5luy83wa9qktr4adzckt99jvs7tlnv0jryqdklwa74ysndjlccs3zyh0,peeling_chain,peeling_chain-035
bc1pws6js7fvy2d5r9ppfup353wtq2esslmhkrdhg8jm02qhg43mleksndlcna,mixer_layering,mixer_layering-051
bc1pww6kk6z827k83v2hl4nwu89e5j4pky3y3yznz4ujegu4x8mkdwgtyha0yy,sybil_broadcast,sybil_broadcast-095
bc1px8dshckl9xn7kqdxmzwvehdjdedpdmm6g5j4eldzy43s9fkd5869f02s90,mixer_layering,mixer_layering-047
bc1pxanswwwn8aj0yc7mws3ppe49qxghxwvjedfym2xdpj99pg544nwuffeerv,mixer_layering,mixer_layering-050
bc1pxct2kvw8nd2meeh0pa6fad9m8c8hmk9wpkf4gwy8vapwv0tgl9draj36j5,peeling_chain,peeling_chain-020
bc1pxf4l5p6908cr46mla7qxumsgju7sckxkmv384xvn99uk8f07xlvr3dp2y4,mixer_layering,mixer_layering-046
bc1pyaweuu4uxfvxqejh9a784h3pzjulp5hweke0emkpmcgxdjqa0klu9ux7az,peeling_chain,peeling_chain-022
bc1pyepjqj8n87nf2j2kwsh2r4ac0mfmtpspav7hpzteyncug5prqdmge4083p,sybil_broadcast,sybil_broadcast-088
bc1pykk4sx7r2vp0p35ep3kv7ulzgp0nk097qkjgk9tlry8329ajndun94mt7m,sybil_broadcast,sybil_broadcast-096
bc1pz8eaz3zww9evj55jj7pwd4pa0m7utnkddxmg6ytsxhczlxmunleeqw9dw3,sybil_broadcast,sybil_broadcast-095
bc1pzh5zpg935zmtdq8ccutgu88rq7pxjw4j59rpyurt2djhh0pr7c9fl3247u,mixer_layering,mixer_layering-054
bc1pzhdk7fzul0zjvnpyl2nnnqa5d0vuxjwseu8eq84pl25kxp7kpzskqj5zmc,sybil_broadcast,sybil_broadcast-091
bc1pzqqwtr428mztk4qza7wvg6rc4ggqn8j3gd3u43atwpf0lz64dpmehk7e4v,mixer_layering,mixer_layering-049
bc1pzsvgraxm6lsjlsn46ceufyga5gsq7ytmn67nvezj0prc5ju95hdqg84926,sybil_broadcast,sybil_broadcast-088
bc1pzy9wsgh2gtdmmshen9avw9lltyj7894ma036ncnzdhqctes0fu4xn508nq,ransomware_fanin,ransomware_fanin-002
bc1q002jyz8dzg62lzhu83w6s2v5dp5257x85nrccr,mixer_layering,mixer_layering-053
bc1q03kw50aq9vtdz5tp5aujaq9u7hdxff6hmzwhw2,mixer_layering,mixer_layering-049
bc1q03p8ve9rencmk32ux3d0zfdgqe3x5l62yc5mut,peeling_chain,peeling_chain-024
bc1q048ufzxnaz4u54dmq3wm6ckpju90sl7dewghf3,peeling_chain,peeling_chain-024
bc1q0985z5w5wf3meeqyk7grk73ts5cjqu0lpsf4tz,mixer_layering,mixer_layering-048
bc1q0ekjsgpgndhszfca0w22f9mldkx7kx9fwlnp2z,rapid_passthrough,rapid_passthrough-067
bc1q0g8xvw4wrjqh5szt67ssx5ja7mgs20d5wwwk2n,geo_hopping,geo_hopping-102
bc1q0h3m6mmumgkagfpvhp9dac87haxuye8flnkyd9,geo_hopping,geo_hopping-107
bc1q0ka3jyvrttxwg2j32fpc4ryzvpddl4zmz2z94m,sybil_broadcast,sybil_broadcast-098
bc1q0n6qvyqlfu4g2uvsa3rnelllu06zl2wlv826x3,peeling_chain,peeling_chain-032
bc1q0pdsq4hy3llptpwrs63nnxy40m86l8r7dayf3v,mixer_layering,mixer_layering-050
bc1q0s95jyualy8fsyu93ffsheu44dje8r2g2fet4a,peeling_chain,peeling_chain-025
bc1q0tgdpptw6r8hgp8syklsa6r859peqzamxzs423,peeling_chain,peeling_chain-038
bc1q0vlvs4p7w275ku2mdswjn25xklaqtm9h5097g6,mixer_layering,mixer_layering-049
bc1q0vx7ezkr7rwtqy494dgx0pjep2fhalsnscq98d,peeling_chain,peeling_chain-038
bc1q0wr82wqks6affjswldy95kpzlcemr7qpmm8fjz,peeling_chain,peeling_chain-022
bc1q2572qyu2qv7uqf9geu88ht9na0wucl5y8mjaw6,mixer_layering,mixer_layering-046
bc1q25e5d0etlsm9u9sdnv96ml4zgs7u8mk8d9z0dw,mixer_layering,mixer_layering-050
bc1q25u7j2zklc6tzcustvvqu9rwkdms6kcu45u59d,peeling_chain,peeling_chain-025
bc1q26e9ncz57ycrsevkzz8jedxh8045w6vyrpewlr,peeling_chain,peeling_chain-023
bc1q27qez6jjpf4vumdlv705zscueysgc64wdda6vk,peeling_chain,peeling_chain-039
bc1q29yl36u5f0sz4h6ev7y47k2yx4xu4ty0t3ewvn,peeling_chain,peeling_chain-025
bc1q2an6zyvsksrd9mmmrtwwy5vrejsum4kmlspx4w,peeling_chain,peeling_chain-034
bc1q2gk09n4r4u9274gux2zh4yphng7y2a5ny5sn0q,peeling_chain,peeling_chain-022
bc1q2gvf90wkds2ryn8yxudtlc99yn530cd9lke62l,mixer_layering,mixer_layering-048
bc1q2j3p9yrhwd3g3g9x0lyfmzj4cm3lpajys50jwq,sybil_broadcast,sybil_broadcast-090
bc1q2la79074l3ll8u393c2y9328p3yl8kntdsktnt,peeling_chain,peeling_chain-029
bc1q2lguj64wthr4qs5kukpckz7ukl6h9ys5z0dhl4,mixer_layering,mixer_layering-043
bc1q2nvr3auppygl7m3cyprdz73t2kgjeay8e3eft3,geo_hopping,geo_hopping-106
bc1q2tntkp6fje3nptkd3zalcs8sgzwxz0uzg43a72,mixer_layering,mixer_layering-051
bc1q2v9u4vmq4d8khs7xchh62wg7dgle80j73q25f4,sybil_broadcast,sybil_broadcast-091
bc1q2vx5mze3hw42e9xdadkt45d5yaq6qclrzqqyvk,mixer_layering,mixer_layering-056
bc1q2wwl0rcpzmhde90d6jqujrkrvngy7l3z422u2k,peeling_chain,peeling_chain-042
bc1q2ywlwg8t2fapq9p00z9aapc64kpyl6llsjznw0,sybil_broadcast,sybil_broadcast-092
bc1q32758zg89cnqfpmgtrpx5syywrz3nx0mks4uks,peeling_chain,peeling_chain-031
bc1q34eck5xdjlnkvjvfcy5rv3cyc7xq2x9605xmjy,peeling_chain,peeling_chain-033
bc1q36ty6smgytfzsnl8mpfzgalet73hk60p0lsqr6,peeling_chain,peeling_chain-026
bc1q378e8h4n6sxnhvgk0uhdnemq839dd8gfvp8ehq,peeling_chain,peeling_chain-025
bc1q37g3wjr0ja5ekqu9nueprguncd0k2p4x4snuec,sybil_broadcast,sybil_broadcast-089
bc1q3aynv0zefqmddrcvqm8vm66jn5pa37s068s7tz,ransomware_fanin,ransomware_fanin-018
bc1q3d6svy3j84s9mpljap78heztf3fssjewgxn9j0,peeling_chain,peeling_chain-029
bc1q3e3ryfvna30zwqwqpy9at9v528c3dsqatu69ds,mixer_layering,mixer_layering-045
bc1q3faauxthx89cpf850flr05mzdln2mh8dnx2ptd,peeling_chain,peeling_chain-035
bc1q3gaylc8ff7fj0ms5mv2sjc49lea67sp5gr4yar,peeling_chain,peeling_chain-032
bc1q3hyehvjqz7km2jvc4pag68hg78rgw6s4vq8t0l,peeling_chain,peeling_chain-035
bc1q3kzx8xsxy7tu3h2atvnh9rewrc6zrymcau5pan,peeling_chain,peeling_chain-030
bc1q3l2uv92qje4cqrqrv5fv5syrgh2upq9pfwwt3n,sybil_broadcast,sybil_broadcast-094
bc1q3m338ghamxfzr2mfveql0q2tmz0edkzru4ma4a,mixer_layering,mixer_layering-047
bc1q3nuf5s25a3z70ly8hlmsrh4q9auln52rygll80,peeling_chain,peeling_chain-028
bc1q3nva765ufqcpnencky0uj5yluv7z6g9lfq4nhg,mixer_layering,mixer_layering-045
bc1q3pjjjxeyree8l6z5gmwrev637casmrm23uxy6w,sybil_broadcast,sybil_broadcast-094
bc1q3qcqu0sgje0pn4eduwfcgl9ddxxcw9k3q3wu3a,ransomware_fanin,ransomware_fanin-004
bc1q3rt3znths3jxf5rfx92ug0amzywsdj44qprqzc,peeling_chain,peeling_chain-022
bc1q3sm7s07dk79v8m8zv7g3rkh0q998fc0rnq0x8n,mixer_layering,mixer_layering-054
bc1q3sp2dsd5kjcdrwqpnghjfuzwr8n6qlr4fp8v60,peeling_chain,peeling_chain-039
bc1q3yntw9xjnzc3jj2asnflvkecffywwx8xcma3et,peeling_chain,peeling_chain-019
bc1q420ldxg44fywtf0f3lenev6q2chwqylfksa47u,peeling_chain,peeling_chain-038
bc1q42e3xd6a66zrvq25u0und3054llnx650z5uu56,peeling_chain,peeling_chain-038
bc1q45uym6ahr2r77dpa8we8f8duntft8gr4k48v8l,peeling_chain,peeling_chain-026
bc1q475ee8pelgfjcmyxhc0t5q6jgt54t480jhgzsd,ransomware_fanin,ransomware_fanin-006
bc1q47kkcak7dmmuul0nnju5p0y6ddtsaetlt7jfd8,mixer_layering,mixer_layering-057
bc1q48rqkztmzq48lpy49hgzqu7te9m6vrhl457g5c,peeling_chain,peeling_chain-036
bc1q4a8un9qz7c60elga92nr3nm9xkknv0l2m90m9u,peeling_chain,peeling_chain-036
bc1q4cem8yr29ds7mkqar3st3w4qwhv283td3c7tkn,sybil_broadcast,sybil_broadcast-094
bc1q4gk64j0gf38d0y36ywd4sj78s2wq7rqhzv8tn2,mixer_layering,mixer_layering-047
bc1q4gz2cwjjn6h2j7uf6etmhypaqgk6c76axpu6ys,peeling_chain,peeling_chain-021
bc1q4hgfp92vd9wffqt2jz5hah6s65tnysvjflrrg7,mixer_layering,mixer_layering-055
bc1q4hqp4892cvxvngqd6nvf0j2fctprms6ngr9afy,peeling_chain,peeling_chain-024
bc1q4hy77s4s9cq5xwlwzwuvg8t5hxkk9620s339fk,peeling_chain,peeling_chain-024
bc1q4mvkjw8swqg0htc5lw5knnvnrqvrynv9948262,mixer_layering,mixer_layering-047
bc1q4n5cyxz0lkh97nccg2wsh3crmjktjhwkgry2qj,peeling_chain,peeling_chain-037
bc1q4ny5mtcd2zn0exfjklrx5vkqn3mqmhc5fwgwf5,peeling_chain,peeling_chain-042
bc1q4qnw7y5s00hj0yyp8xnndykfe6mar4eahlypur,sybil_broadcast,sybil_broadcast-095
bc1q4s0guy7etlyutash6w0d8m6pr5kaaslxae2p57,peeling_chain,peeling_chain-031
bc1q4snhv6ma5n7x8xfg8tutfy2s8qyz93tyrp3hwr,peeling_chain,peeling_chain-019
bc1q4wcraslky20fvntw6jfwldc357qmp9dm0r2w35,mixer_layering,mixer_layering-055
bc1q4zhsvk53r9vy94u52tpmdutgtuvqadald22eru,peeling_chain,peeling_chain-029
bc1q52wq0jeet85md79z9q4k2wzg3g2lxjqkemsep5,peeling_chain,peeling_chain-020
bc1q53a6kvaxc4fvps5ghhzljl4ylqda6hc2kt365h,peeling_chain,peeling_chain-035
bc1q55en05nu2nw7nnmk8dr6tneeccufghz0f99q7u,sybil_broadcast,sybil_broadcast-096
bc1q56542t4wr54v9csjsf0fd4a7uje8c0zxrgewxl,peeling_chain,peeling_chain-038
bc1q58fvqsduxrfkhgx9le3v8tlsuem2jrfkeu653p,sybil_broadcast,sybil_broadcast-092
bc1q58q4cp80tjm6t3tyxd7c49zqxt8d9grf8el46a,sybil_broadcast,sybil_broadcast-099
bc1q58rztlucacg3yvhzxgw6n8u4cyuw3errdg4tf3,mixer_layering,mixer_layering-050
bc1q5c56qavct28zdmgxd6pj80zxmr8adqj0yd0y48,mixer_layering,mixer_layering-045
bc1q5d8lx4985h7v0cpsyrevqg206h5k8aphzu746t,peeling_chain,peeling_chain-041
bc1q5fxtkjj9wdq5dv0t26qu06qqsdfhc3fp9tazls,peeling_chain,peeling_chain-042
bc1q5jpswx5gjwpfryz4q9h33f75fh9ch8z72uplnp,peeling_chain,peeling_chain-028
bc1q5jsqhy4vrqdulv8j08gxtstk3hxgqpld3at5t6,peeling_chain,peeling_chain-024
bc1q5nqtqtee2fteedhtswr2vfkmcu6afxfkag65nw,sybil_broadcast,sybil_broadcast-099
bc1q5q37rces9zym3jm9nw3al5a7df8yemavqtq6qy,peeling_chain,peeling_chain-022
bc1q5r3jewufnxw7r9kdjyh8yz5aaxyjh0sqe4vnzm,sybil_broadcast,sybil_broadcast-091
bc1q5rtq52au6n4avqwyxcnu8rwkvrpchv82z6uuy7,peeling_chain,peeling_chain-022
bc1q5tkkth2558g06k0hw6z8d88lwjryhmj89ny98x,sybil_broadcast,sybil_broadcast-096
bc1q5u28xs25sj3pxthl4c9y04lm0dat563fuxfl0k,ransomware_fanin,ransomware_fanin-002
bc1q5ue76jflf2rqm8he9zwa4fyzmyn73974kphlx8,peeling_chain,peeling_chain-023
bc1q5xmmwswgy2hurxj9pl009r489899t3k6j43h24,mixer_layering,mixer_layering-051
bc1q5zuhzqh9m5je0vlh9xd79sm0v67rf7v2fyf432,mixer_layering,mixer_layering-045
bc1q6j4pruqr4fneduz8s7zhrq2rzytwpdyvwqssz0,peeling_chain,peeling_chain-035
bc1q6je2aza5hqknln0lwq6n3pmfrkmq83gf2uuvwp,peeling_chain,peeling_chain-025
bc1q6k84hgrnc6u9nzwkyfkt48dckjsr2e7el7v5l7,peeling_chain,peeling_chain-019
bc1q6knnr6jzwc69dfzlys9dertdsql9mwkjv8yfn9,mixer_layering,mixer_layering-051
bc1q6lnunr3zx9ylee9733k0m4sss4parcscfjva56,mixer_layering,mixer_layering-056
bc1q6m5rc6u2g5zun79jf24zvypzrhfkk4jpj99nfd,peeling_chain,peeling_chain-031
bc1q6nupctht0pxlqqph3hkdt8pvlzdht0xdm3c2yd,peeling_chain,peeling_chain-023
bc1q6ppan5kdt08lnk2f8n6yzzc43tkpns94yxaxlq,sybil_broadcast,sybil_broadcast-098
bc1q6r3j4m4k7j5nvvxgah5zlnzt8ler5vqp3mqm4l,peeling_chain,peeling_chain-029
bc1q6rlht0z70jrm5g94eueeqwtmrk8x7nl9c8l7pu,peeling_chain,peeling_chain-019
bc1q6uvfzf0yqxlhpwcttvs52886rees7qn79zk34x,peeling_chain,peeling_chain-029
bc1q6wf2ycdy7frksaq2qqpxrxkvkv3r8dh3mvc2ue,mixer_layering,mixer_layering-046
bc1q6xww0uh4s6tk02h286w4zc63xdhvgwspeg97yj,peeling_chain,peeling_chain-028
bc1q72tjcu2tcvu3a932g7p0we0yxpx060yupe8sgs,peeling_chain,peeling_chain-024
bc1q73ljw46kn609qdeupyapzaff6kkvarurvhpvkl,sybil_broadcast,sybil_broadcast-088
bc1q74fg5hv35wse7u7mzuhndrusjcvhkhqftrxzvg,ransomware_fanin,ransomware_fanin-007
bc1q74nfyw9eqyxy3x49kdn74gd99flr9ks8f8a027,geo_hopping,geo_hopping-113
bc1q79nq30dekxn0zagxgxmw8uk9trsf70grl2zcxk,mixer_layering,mixer_layering-053
bc1q7ce4s2d4gugvnjvyjf0r4an9wx66fq6krhgzcg,mixer_layering,mixer_layering-048
bc1q7ddph98chfs62ll2f6njhlruf86yltmxpullde,mixer_layering,mixer_layering-047
bc1q7e4rhqgq6ea6r2ehhclcyfwnn0lsjw3yz9guw0,sybil_broadcast,sybil_broadcast-094
bc1q7ee7r057dnvmhrca4s2wadd20jdax0mqctls7c,sybil_broadcast,sybil_broadcast-098
bc1q7g30pvcmufs6ggqrl5we0al20ysdf2ucpwsmlx,mixer_layering,mixer_layering-048
bc1q7g7hlzjgwgsns0jcrccnepvwp47w9vc8d6xt47,peeling_chain,peeling_chain-022
bc1q7h5a8n7r3vgrdxdfnputkacarshjd5qf9sdp0r,peeling_chain,peeling_chain-025
bc1q7h92a9s7q5qz2lpuedklk28gnnr9y57xtlhex0,rapid_passthrough,rapid_passthrough-059
bc1q7hf2srgswd8yf0289hdrq04cr27mllt2ujulzl,sybil_broadcast,sybil_broadcast-093
bc1q7k8kkalfhshkmalse9v8zepl4pf7yhddhns5vk,mixer_layering,mixer_layering-055
bc1q7kpclexf64ra2hhh3jw9fegtrnepupy3ragk5t,mixer_layering,mixer_layering-049
bc1q7ljl9dd0zxty7wqt7aya3uzpdu5qv37ewegpr7,peeling_chain,peeling_chain-036
bc1q7mcthk30sklkh68f2sqrnaxvskdegjwy675qy6,mixer_layering,mixer_layering-056
bc1q7ndynl8ln0fj7dcff74g2ecnywxmjewemwev8a,sybil_broadcast,sybil_broadcast-092
bc1q7p5ke00yt85qwlwzhyt35meurdtsw8avhpekv4,mixer_layering,mixer_layering-046
bc1q7p5ksmnh7ly7w9srpfhe53dngc3cxwyqqgx4zt,mixer_layering,mixer_layering-055
bc1q7rdj0ewkhzjd9ps2p4ndmrfw3trksl9mf4rflm,mixer_layering,mixer_layering-055
bc1q7v55z9jpr85kp8k2qs073m5arh4ahuga42g39n,mixer_layering,mixer_layering-045
bc1q7w0r5w9mgggsghn482xmpew4y205utj58uvrh7,peeling_chain,peeling_chain-032
bc1q7x08uggsvxm9rckqramj7d3x7a8zltjsd74vsq,geo_hopping,geo_hopping-120
bc1q80tf80canu2x4zudvahs3zs9skgg2s97ds7mg6,sybil_broadcast,sybil_broadcast-091
bc1q82v47kl75f9mkm64ng77wg57a0nnt57n3h2k5u,ransomware_fanin,ransomware_fanin-009
bc1q83444l66fw7czcz9p4x2axl57rhqnwjn9amsql,peeling_chain,peeling_chain-030
bc1q863j2ecshugq0qext68ggyp393gg30lltvury8,peeling_chain,peeling_chain-038
bc1q87jsgtvluf5athps96kwntalw34ltc75pz2j4q,peeling_chain,peeling_chain-041
bc1q893hkynjtgcf5sf8we576x6kpp2u0lfc5v40x3,peeling_chain,peeling_chain-030
bc1q8e7y0cx2anzwsdys9825e230y94lmuhlp3ww5x,sybil_broadcast,sybil_broadcast-092
bc1q8fj5x7l0cjkkvts4avsadnsnejdvmt6p9pqwp8,sybil_broadcast,sybil_broadcast-091
bc1q8gcj8j3qgd0z5qc3kx66cn6sg8nhkcg4dgnnrv,mixer_layering,mixer_layering-045
bc1q8klrgg7lck5e984m4ua3r93ah8lcvg7ypkt3rq,peeling_chain,peeling_chain-030
bc1q8l0rr890rjhe26dm3u635jytl4xqugy9r7ghvr,mixer_layering,mixer_layering-053
bc1q8l3xda4xj33pgl209kz3c6jeynvtwggq09d92l,mixer_layering,mixer_layering-057
bc1q8lat7nx9966z68kw9qy9dfk5d4pc3fqtapr9pp,mixer_layering,mixer_layering-054
bc1q8lrf9v72q6ugmszu24rcxhdr7egwq22am9k84g,mixer_layering,mixer_layering-055
bc1q8pk48srqj65lyvxp5kagt7rgk5n8u9xcjdq0th,mixer_layering,mixer_layering-045
bc1q8ss0xw68s67r530v9wadkgq8m88ewmgzqxuwlk,peeling_chain,peeling_chain-022
bc1q8tdsm8pd48ccxc3mppe2a0yswfwunqaukx7w6h,mixer_layering,mixer_layering-052
bc1q8u7tzlclgk5eyef95wnleh7zcqtf6fkh8m8e9j,sybil_broadcast,sybil_broadcast-090
bc1q8wxfsyw4sew60dhc5yha6ey5670lscspzxnp2x,mixer_layering,mixer_layering-053
bc1q8ydnf8k0yf2vzqxmnm06se2np5sd6a7q9xqyj8,mixer_layering,mixer_layering-047
bc1q8yjw55l63jr39uj2h544f8zullxmc2y5556djv,peeling_chain,peeling_chain-041
bc1q90dhtf2ad7jr5f7rw3uss9h3dmth8ft5ml528t,mixer_layering,mixer_layering-043
bc1q93untslj880nm7z3uxkp883jsjf79amra0lk27,mixer_layering,mixer_layering-057
bc1q968axwk4wy3m28z6fxs4dvqxsptjz9dnt9pn54,peeling_chain,peeling_chain-023
bc1q96tjaw8k5zcgysn6zu7xpjyr25rq7u8z70p36t,sybil_broadcast,sybil_broadcast-091
bc1q98crcrqg6vvpakjsy0vzfzkjepa4gydvp9kq6v,sybil_broadcast,sybil_broadcast-094
bc1q9g9unzh7zq9u4gnhmuz2k365ka68p7c8rzctr2,sybil_broadcast,sybil_broadcast-092
bc1q9gqf8y2gk7v3phkhl53z5302srp640pkx7lufn,peeling_chain,peeling_chain-028
bc1q9kl0m6fd44tfn43jfy95fehchmpjng9qrcexl8,mixer_layering,mixer_layering-043
bc1q9krz9uq400wsdk7hqzjmexuxqrrhx0qf624m35,peeling_chain,peeling_chain-037
bc1q9kslp54aget7t4dv0j94auaq9jc9nrq8k5ameu,peeling_chain,peeling_chain-041
bc1q9nmaea7xxd9l4dykc05hecezwpzwyzqnz9qdu0,peeling_chain,peeling_chain-034
bc1q9nsjkyu8ghfu0uxwlkf3twm9alwe5ph0p3l6ac,mixer_layering,mixer_layering-050
bc1q9rhla4v3zcasp5pf5v4scfh6xm58l4yhu6yhzz,peeling_chain,peeling_chain-042
bc1q9tumyqy2am8z9y7emj4cu8h25qcfrpjz9wd9ef,sybil_broadcast,sybil_broadcast-094
bc1q9us0sk9s49k9ancaq3ysjkl8npjejm6ne3nl45,peeling_chain,peeling_chain-041
bc1q9wyx66439wq389wta2xs3unwsg58fc0tncp094,peeling_chain,peeling_chain-029
bc1q9x64mjxggqhc9q2llcapndgu0tcp3m2lhskrp0,sybil_broadcast,sybil_broadcast-093
bc1q9xjsck8pxfvyn53au9q66pn9xgjxpupq5hed9h,sybil_broadcast,sybil_broadcast-091
bc1q9zh8wrzvlkrxpamw9at7g6jxux2p4c823sdkqh,peeling_chain,peeling_chain-032
bc1q9zsxf5wy9acugql8xxpqu6gtz2yvxrprvwkhze,peeling_chain,peeling_chain-037
bc1qa0a8lp9x7vrmzcx7607qm5w9dmm2u4nz58nu7a,mixer_layering,mixer_layering-049
bc1qa3prpsp5tsyl34jqjpe02el7xt4wv3nm6n4t8z,mixer_layering,mixer_layering-053
bc1qa4dayclasp6drrl9qcas33h3ew9pswxvqdf28x,mixer_layering,mixer_layering-049
bc1qa7pmdzrhdv78n4mqemffnuejjwwjwj40t7l0up,peeling_chain,peeling_chain-022
bc1qa974uc4acc8axwycnuztah8hma5n8kf4ma6wvy,rapid_passthrough,rapid_passthrough-084
bc1qaalh2txsnlz6kg444xexs7y9hdtc6zu7qfmrum,mixer_layering,mixer_layering-054
bc1qad69y04framnnqa7929cj58wrq4vfay687v9lr,mixer_layering,mixer_layering-047
bc1qadrjspcnz0vm7nrhlnr02lrelyx27yr9azjxep,peeling_chain,peeling_chain-021
bc1qaf2cn6m0vrw8ewmwa4przaaf67k993su0e2ju7,sybil_broadcast,sybil_broadcast-094
bc1qam0uwdzgm5sul2dlhl9f54pfq2yt6ytraxgmwt,ransomware_fanin,ransomware_fanin-017
bc1qan65q8drstta9dmdpc2n06669q3y9cjqf0f7rw,peeling_chain,peeling_chain-021
bc1qanf24gfw2vkdpragvtl6dcgj6pr2hr8nu9wxpy,peeling_chain,peeling_chain-040
bc1qap3nd846n85jg42szanw2llsx430arluay3mea,sybil_broadcast,sybil_broadcast-094
bc1qaph5m5wd5vanz4tpcw3zjferfjpulvpv4c423t,sybil_broadcast,sybil_broadcast-091
bc1qapjvfz2qsn7j4nzk4x6yj5z3u4xk8lfjxkx3kn,sybil_broadcast,sybil_broadcast-091
bc1qaqglwtdv2qlnphhr93k7gcuc37k0dahcyhsctz,peeling_chain,peeling_chain-025
bc1qaqudqf43nl6xrq40v4v2p8fyuxdtv55scunz8x,sybil_broadcast,sybil_broadcast-092
bc1qar2k88f43gve2ufsahsq5zxpn2phad8kmx5she,mixer_layering,mixer_layering-047
bc1qarhqeh50dgnakqsalzjzag7vuzzm7kgnzedsg5,mixer_layering,mixer_layering-043
bc1qarrkheakd30yvrastk6lyek3r4frlgwlrvl70y,mixer_layering,mixer_layering-057
bc1qarthxgsez9xvhzsu3lnl9p66npas34ntshm6mh,sybil_broadcast,sybil_broadcast-088
bc1qavwajq7ugr9clvvj3kwgkulkrj37p7dqg9dmuc,sybil_broadcast,sybil_broadcast-093
bc1qaxvgrdfq5n3tkqppxvhg6lqndehzqz82mg3p00,peeling_chain,peeling_chain-037
bc1qayad7zvmk4qnkapew92dalmuagx52s9ylcwpsw,mixer_layering,mixer_layering-048
bc1qazwd473er08n0jv62vgv3fu24m5nqv72jehrt6,peeling_chain,peeling_chain-028
bc1qc3tv3lg25rvlu9grvc3fqd6630zyyz2270clh3,mixer_layering,mixer_layering-051
bc1qc5k6p7fgc97lnte8fssk77tskunawpr25cnw38,mixer_layering,mixer_layering-046
bc1qc756gkjv0mn6xgpy5a9hu69s7gazv6y0trtg3t,peeling_chain,peeling_chain-035
bc1qcd6es2e3jfkyv2xzc9t77yffcvvdqstfejeefq,sybil_broadcast,sybil_broadcast-094
bc1qchgapce9g07d85yp5jf7wc28llm94nsd7nmznc,peeling_chain,peeling_chain-021
bc1qchjx5j4ez3xjmllsxgdx806kn08j56y7wvvq33,mixer_layering,mixer_layering-052
bc1qcj3ytyt9rumuxfqaq3mgtlpdyf8yhr3473kxj3,peeling_chain,peeling_chain-038
bc1qcjp02a03al7nx2nf5a4qclerm0t7cv4avgmqtf,peeling_chain,peeling_chain-036
bc1qck2slaw9fe5acsnpzv2sp4zfkxuu9su753acy9,peeling_chain,peeling_chain-021
bc1qcm678vqs6w08txz6tqphvczth0d8x77aqccfjl,sybil_broadcast,sybil_broadcast-091
bc1qcmeu7xv4r9akceknw6qrhlzscejdx2p44frkke,peeling_chain,peeling_chain-036
bc1qcn573m8mpkprp2mkjefycm5rxsjskcp6qds7dq,mixer_layering,mixer_layering-046
bc1qcrkpjam5sufws6y0w22uq39zzfn3sfzv9yzx63,sybil_broadcast,sybil_broadcast-096
bc1qcrxzj9pg325px6ny48zxgp35uprsy37w76xcuy,mixer_layering,mixer_layering-049
bc1qctwx4rh39aqgxrtrzqvahy937ddrlx0njs0ewf,peeling_chain,peeling_chain-039
bc1qcunzvudlvhv2jujvzn0shff8wslldur2jfzkgm,sybil_broadcast,sybil_broadcast-091
bc1qcxvz6k6j5zk9yv6jn5266yfl230n7rrdrulx0v,peeling_chain,peeling_chain-031
bc1qcy7mejywdj6xjd8getjhzx74f0sw8mezt6eusw,peeling_chain,peeling_chain-034
bc1qd3d8k67s0apm426xaw9e0w92r498hf83r9rhta,mixer_layering,mixer_layering-052
bc1qd6jxf2w7ymshx837hnggw6xghng6tqnqtthdfa,peeling_chain,peeling_chain-023
bc1qd6qdzatattzu8f8me4xx2cu7e8cmj2nmydmv20,peeling_chain,peeling_chain-033
bc1qdap5astqqxealp2uhddk3de0pwzes97hulkup3,mixer_layering,mixer_layering-053
bc1qdc93l8dm6xq5tra4y2r53fwf3aj52v9nj0yvcs,mixer_layering,mixer_layering-049
bc1qddtm7fzsazzw9ep67tddm9ap4492r4edn2awy2,peeling_chain,peeling_chain-021
bc1qde7s00mty5sy2yyldw8gpyzz50htcewvu548d3,sybil_broadcast,sybil_broadcast-092
bc1qdhxejf96cmhm3p4lludm826kz8wjy5mttc2tyn,sybil_broadcast,sybil_broadcast-098
bc1qdnrwxsj2e2ax8xrhyt78uxu3vd2xde0v0j4efh,rapid_passthrough,rapid_passthrough-078
bc1qdr20nehpnjrtj8x9l6xyzfnxxxsqvt7jycvrcu,mixer_layering,mixer_layering-044
bc1qdr8ynzdydx0yxldyl7xvg5tyvqaum9sa0n6uj0,sybil_broadcast,sybil_broadcast-094
bc1qdrprtjhpm23x2zyd3mjdqpsu6lx3wtzwkehcwn,peeling_chain,peeling_chain-033
bc1qds5s3a7scq7tkdayn82ckluazk6zgk3l7xw8k2,mixer_layering,mixer_layering-052
bc1qds8j2qxl6l7syv5xn2qashtay9lanyays2enrw,peeling_chain,peeling_chain-028
bc1qdshrxrg6g5rthy7e4kmpmjr7k6gshh3lt2zdg7,peeling_chain,peeling_chain-019
bc1qdw9xgmnugqhl5nqjarzecx3x92rd9ekssgv9zm,peeling_chain,peeling_chain-028
bc1qdyh4te2esmv9evj6y33l5q66llc54mkv4vwftt,ransomware_fanin,ransomware_fanin-011
bc1qdyy9r0wnzevtc0l5kplqvymq5669vvpyrzvuh7,mixer_layering,mixer_layering-048
bc1qdz2xprch2m04lhlzuck843mr7hkafp47aaer6l,mixer_layering,mixer_layering-057
bc1qe03kkrlecn8xenmwlzlvwjeqymewehwnfyjz5w,peeling_chain,peeling_chain-019
bc1qe0dektve2ttuhurkcm4el38vpgmtq2nxpzxu0y,sybil_broadcast,sybil_broadcast-096
bc1qe65yrcktrpk0v2lvh6fs3jxw2rdl7sqz3uqrnc,mixer_layering,mixer_layering-049
bc1qe86la36204zdye5hy7xlf6uhem8ctcvgaxvjqc,mixer_layering,mixer_layering-045
bc1qeahmgc44x04wx59eyysp5257xkm5rjd8tn5vee,sybil_broadcast,sybil_broadcast-097
bc1qelgkuf685zcxs4neclymkp72yykuhvf6ftd5q7,mixer_layering,mixer_layering-046
bc1qemr4mq8ehh9dlrphrg0xe5u5mwnk9204s5jg3v,mixer_layering,mixer_layering-043
bc1qengx8wz9gdey8lywsnuctukhsm2dfsu65kw44x,mixer_layering,mixer_layering-057
bc1qepmu05klw42czegj7qlc2rnm6qdpg9ryrxd6t2,sybil_broadcast,sybil_broadcast-098
bc1qeq2y74d00kq9vdau2xyas5y59enemn0vc7rxrl,peeling_chain,peeling_chain-042
bc1qerdxhkatll378pye33e7lx5y2pczy5tqnsnydj,sybil_broadcast,sybil_broadcast-097
bc1qeu5anrhdsr4z5l5n55k68dux4ptmu9zg3ypvxd,peeling_chain,peeling_chain-039
bc1qeup690qrrtkxj8c48w2w33lkvvqmp9tj3d3jl5,peeling_chain,peeling_chain-029
bc1qexpvgynu79gp0xdgn9dmgywm58kmp7ca93a3xh,peeling_chain,peeling_chain-031
bc1qf3w8u69xnhsyrscwssvuqq0helm0krkfq8wlh9,peeling_chain,peeling_chain-028
bc1qf3wljrzepnt0kzr8xhssfzlex6r3mlqp3v387l,peeling_chain,peeling_chain-034
bc1qf6m5wcwydgvftjx5g025t55m238kvf4ykhh83y,peeling_chain,peeling_chain-032
bc1qf8hvwxqaseehhpq7xj8u0w6epmzw6mclhfks80,mixer_layering,mixer_layering-057
bc1qf8pq7pnd8sft3jhatnvr33kfjyvv8x5s4ctqhf,mixer_layering,mixer_layering-043
bc1qf9ay3lt3jl2lydhk780x6a9je0thpkevuzyc8y,peeling_chain,peeling_chain-035
bc1qfaxczvm22ur7s63xrklch79x9u6q5jdtamzy3s,sybil_broadcast,sybil_broadcast-096
bc1qfdkjj2ne3k7f2nv5t00mwn4ct22nvw436evh0a,peeling_chain,peeling_chain-025
bc1qffscu7rqmjpmryxjf2ylu2yjtpa8h899jsa2qd,peeling_chain,peeling_chain-025
bc1qfmck55sk5dujuwm0g789ahy4sqj3s57kuef4r4,mixer_layering,mixer_layering-046
bc1qfmx46lfpvhun6yls27qj0sjsw3t4w3h6nk8xe3,peeling_chain,peeling_chain-030
bc1qfn57xu7utlft79htt39wjhrr65hqm37vysg2hm,sybil_broadcast,sybil_broadcast-090
bc1qfpl0rvkt2jwxmpxathgcnzplyu7g2c0v9x4076,mixer_layering,mixer_layering-049
bc1qfxpue8gy6aa5s58kwtnmxm0fc2umulm50kv8an,sybil_broadcast,sybil_broadcast-091
bc1qfywn3t4ss8urdmh5x26mjvxktc5sce4c99vplr,peeling_chain,peeling_chain-021
bc1qg234hq83grm2qz08zjs9u3e4u58vterj65j9gg,peeling_chain,peeling_chain-040
bc1qg4acvlp2p5r8sjuewfkkgyllcu9n39sscfsszh,sybil_broadcast,sybil_broadcast-097
bc1qg65f03p2ad87t3fdqwlylfzyh2hq0lawaaar83,peeling_chain,peeling_chain-034
bc1qg7u02ulp646mjdx935qdkfrp0c52r4w99se9jl,mixer_layering,mixer_layering-052
bc1qg8v7nn2ffvkxun9u7q7wqy5lgfunlxpenpty3z,mixer_layering,mixer_layering-048
bc1qgcavdk564y79g3u5fyjclzu5dy6qlzugtghh64,peeling_chain,peeling_chain-029
bc1qgcc4l3ydlp2kv833kl5d85ngzg4qlnkay0dcez,mixer_layering,mixer_layering-054
bc1qgdqw69gg6mdnrcd7jnydcyqecj4emwaf42dfkl,peeling_chain,peeling_chain-035
bc1qge3ry9m0ur2sl6g28upe8xmtw9nl9v58ffx67m,peeling_chain,peeling_chain-030
bc1qgeg8aa8q5d2q2xctspn5af5wvw2afdnwjd9vn6,peeling_chain,peeling_chain-037
bc1qgesm0vrhfldks7c2gvgas60y6psgyeg6vl30nx,peeling_chain,peeling_chain-019
bc1qgfv3tdj8e8dh75yxtdv5tuc2de2s6gayyznthm,peeling_chain,peeling_chain-032
bc1qggxhkcrzknf6n8zx2da9cfkepds64j0nsfh8ns,peeling_chain,peeling_chain-031
bc1qghg43ej838933xs77cm2cyhyszr9ggrgh8qlg2,mixer_layering,mixer_layering-057
bc1qgl7fgj5y6z38tu2uq9s53wlmjddw2te8htxce9,peeling_chain,peeling_chain-030
bc1qgn2h65wxctzq2e4a4uh6utayzteve4jtcmc5ak,mixer_layering,mixer_layering-050
bc1qgqcjplj4n6nzs78updcpfv6fz9xm40n902flyq,peeling_chain,peeling_chain-032
bc1qgr9zrekpm237q76vm5jfvy45ytg2f6nhrc0aat,sybil_broadcast,sybil_broadcast-089
bc1qgs82pn6833hf386j7k583fwph0gy7uzl4nc8kh,sybil_broadcast,sybil_broadcast-098
bc1qgttfqj2wxkdy0zsqz2ttqr5r7l5p6zw3k9ghn6,geo_hopping,geo_hopping-100
bc1qgu3pqlx3t8s4c4esal9qgj67rmav5wksttfdnd,sybil_broadcast,sybil_broadcast-092
bc1qgvdcxwyr9jtguafujdx378m2e7utmqthqs465q,sybil_broadcast,sybil_broadcast-092
bc1qgy03x388avtzquvwz9rc5z92gz9a23pfnrxtvh,peeling_chain,peeling_chain-026
bc1qgytjj62grny4val25v49jjqy6w769ydxp52rnz,mixer_layering,mixer_layering-046
bc1qgzgpc0m06wvyr0tu9eryjlup8y74dfu0zqvhh8,mixer_layering,mixer_layering-045
bc1qh594f6trhr7xv4sfuudvwxzujd63gaajr2fykc,peeling_chain,peeling_chain-032
bc1qh7m296xzwm7fgqxpgqc2hg4ev0hs0pkvtzwxyx,peeling_chain,peeling_chain-028
bc1qh830srp0dl7nhnulsfvguw8md2zgu6r3s73l0s,peeling_chain,peeling_chain-040
bc1qh8prjrs3kw5ytr3kyrycm7l75ayvnk2sqkw0jg,mixer_layering,mixer_layering-052
bc1qhc25tlvkcmtd5us4uvhfqtr89m4anne35llcz7,ransomware_fanin,ransomware_fanin-001
bc1qhd97dlx2rx22692fshts4mfxuy94yjydsh87t7,peeling_chain,peeling_chain-042
bc1qhjhxtkywdgcrdwkymtre3nxamqmkn6exv3n2uf,sybil_broadcast,sybil_broadcast-094
bc1qhkmdg29cat59qdu8adk0vrgrg7se22ty26fzyz,sybil_broadcast,sybil_broadcast-088
bc1qhm2hkhw3w0luxfkkhjk849jhvqx6s46e6hy3d8,mixer_layering,mixer_layering-043
bc1qhpydpmyxuveeqmd842dtjapptaw8x6npzw7vwg,mixer_layering,mixer_layering-047
bc1qhqa5f034sfx962n6fyg7fa702n36xa76qyvw9x,peeling_chain,peeling_chain-036
bc1qhqtc5r4p2etcyh93g9cquqnd3vlzlpnp5n8lzt,peeling_chain,peeling_chain-037
bc1qhsvdxzpfvy4jc4gu0ms59tzt74s58qycsnsngy,mixer_layering,mixer_layering-052
bc1qj04mfcf6t3d7gy3j238c6yerjzg9gldt9s4y0v,peeling_chain,peeling_chain-038
bc1qj0f2pkmz8fpectq3sga43p0n45vu4jhgf8clqu,peeling_chain,peeling_chain-032
bc1qj3hazudst9lps9k7y6cytaqktpj5r8djywlmft,peeling_chain,peeling_chain-022
bc1qj3wn7nlsfkzs4zwrtqwcernjnhzu86xl98zf9c,peeling_chain,peeling_chain-019
bc1qj6addsfcw3vxppqksjrj25lw5nujffm2yrqaq5,peeling_chain,peeling_chain-039
bc1qj8vtf4scz5nf5232sltkv5zc5zt8w86pzhpjec,peeling_chain,peeling_chain-032
bc1qja0h6nxknjyu2l5llqp8gzkvcnv7gpczawrdlw,peeling_chain,peeling_chain-037
bc1qjajvezmlwrhg4c45ca9sz7r0w9rh8epnaax093,sybil_broadcast,sybil_broadcast-093
bc1qjd5dhyl5put9xkulr9yzlgrqeuk0fyduqpzw0t,sybil_broadcast,sybil_broadcast-092
bc1qjequpzs3xuu6x3n2fflhmj6lanssz2695wsg8f,peeling_chain,peeling_chain-038
bc1qjfuy6l08ld9luee9t4nlap9ucxjxf7g6jxkrvc,peeling_chain,peeling_chain-028
bc1qjfwua9yy7rwxn6nypfsuqe4u7zh5r4d8esae3z,mixer_layering,mixer_layering-052
bc1qjhd6jarlvfzqu4yaztkrn0w6qkn7xj79tlq6zg,peeling_chain,peeling_chain-032
bc1qjj9wy5dgg8v5awkmuw6v5lfsdc5s3ku3n9ads8,mixer_layering,mixer_layering-047
bc1qjkdtdjk5zu7w3vmv6rlsku9sa7mg6djjfpwff8,mixer_layering,mixer_layering-056
bc1qjnnaqp7gzfs6jzy7ase2ay39p8q3y2u8fqj585,mixer_layering,mixer_layering-051
bc1qjp5uy5acffjan60gnz4re6vrah3xx36rdc82kf,sybil_broadcast,sybil_broadcast-094
bc1qjsn77j338df7sv9m2500glhfdwzeem4f2hqfcw,mixer_layering,mixer_layering-054
bc1qjt3qprqak8vz5xsxxzwszhsmduv99c0wj0p0na,peeling_chain,peeling_chain-042
bc1qjufdc58v2x30klcg7kpcfgnl0ctu92q6ltzen5,peeling_chain,peeling_chain-036
bc1qjvun68qq9ye4pvfv40vuekja95qsk9klwee6ju,sybil_broadcast,sybil_broadcast-098
bc1qjvunnzxppcxr7m9klvkdcuhc8f2x2y5uauz9th,mixer_layering,mixer_layering-045
bc1qjwzcn4cxc29lf82adl0u0q7fse63jyyusyfmau,mixer_layering,mixer_layering-047
bc1qk475ng296a6yvjssqg53x4lyug94n6k76kfptp,mixer_layering,mixer_layering-045
bc1qk8fy062csklad2j6a4ttn4ahtvhygs6scv540z,sybil_broadcast,sybil_broadcast-089
bc1qk8hve4gkkhjv2nczul7qpkm7zwpgltnqnqvtln,mixer_layering,mixer_layering-048
bc1qkdjemq8jw4nnqyw3sx7rq4grvn05zdk0vtxmqx,peeling_chain,peeling_chain-027
bc1qkdvh87lsksu6a2fd0efu6pz7hjxezfjejdfg9v,peeling_chain,peeling_chain-019
bc1qkhwgy76tlcvlsx7wdpcpz2wpgs7xqnm2pp70zv,peeling_chain,peeling_chain-026
bc1qkj089n8lkggqy24x7mx8rvysjecsjr4xxwtm6c,geo_hopping,geo_hopping-117
bc1qkjp3rktskk8wc8f92skhnw5383wt9pavrpfgl0,peeling_chain,peeling_chain-025
bc1qknwuu87dhaaurtugt3n5050km3pwgh36lek8t6,peeling_chain,peeling_chain-021
bc1qknwyx6g3rk7r3p38juwl97h9j9lsust2f7w8ge,peeling_chain,peeling_chain-041
bc1qkqekd46yjsvpych3e8p0t4vxekv6ksd7ecgcva,peeling_chain,peeling_chain-032
bc1qkt3lqr9egx756v59h0x9swgl4jt5mnrdu5szag,rapid_passthrough,rapid_passthrough-070
bc1qkuhe9ljhcv6rzcn8nqm22uy8h8uphgwdjqar8q,sybil_broadcast,sybil_broadcast-094
bc1qkwmuuk2xzweq6302u0xczzu55gqgytvgy2vfn6,mixer_layering,mixer_layering-047
bc1qkz7xh3y2lj7kgxnvasnnvckzth8ct3mjy259sg,mixer_layering,mixer_layering-047
bc1qkzf0kylhukt64cepvxqh2scp0kl7rwwz3hlt4l,sybil_broadcast,sybil_broadcast-094
bc1qkzmv5t3k8duchn9ksa9602t5e7pd9pgrqc4pmp,mixer_layering,mixer_layering-053
bc1qkzt3pvtguxzqpeunuy69ws9sl9gpx39wlzql4r,mixer_layering,mixer_layering-052
bc1ql0eclagq47cpts40pmkd3hecsuscmvuzkq9w49,mixer_layering,mixer_layering-055
bc1ql25mj2cg794adk0jpr8mn3ajfmjgv6lyqxengt,mixer_layering,mixer_layering-046
bc1ql2l0mh7kfqu45h4ak4qzqyrnxdfst8ydpvuut6,peeling_chain,peeling_chain-040
bc1ql55sk2jrdpnraez2p6ddwrshjh9rlv75wtnntr,mixer_layering,mixer_layering-052
bc1ql6h2tpu0smfu4jdxkhnk6etctudactzqk9dgyr,peeling_chain,peeling_chain-031
bc1ql8jz0vttkns8w6t0kgn9729tv90mp38h2l33ct,sybil_broadcast,sybil_broadcast-098
bc1qlc6tre5mqah65hnhmltcztzharjvv5xfzddltc,peeling_chain,peeling_chain-032
bc1qld8p6vt9dqdkd8cw6u98j27n9ajhfkv5v2lqkg,sybil_broadcast,sybil_broadcast-091
bc1qldrj5t739q7gr5md720gwda7yajraq9s4yhm36,mixer_layering,mixer_layering-049
bc1qldyx0y4lqfh3vwscx7uvqmprn6uf7wpk4mhhwf,peeling_chain,peeling_chain-029
bc1qlexxtzmrf40ntpz6mr7q4xzcduvt4rkshnmq6e,sybil_broadcast,sybil_broadcast-095
bc1qlfy3qlcpsnw5e304rm0j8gasw8cf66c4nkfgn5,peeling_chain,peeling_chain-036
bc1qlhkjyf2x8mftsm2w97hedndeulexdgglcpj7dt,peeling_chain,peeling_chain-042
bc1qlhnup980tc998mlrp77622kkglyemudphduufy,peeling_chain,peeling_chain-023
bc1qln0sjpcjy8yw2demnnyzytkkr8ql7hzmshue6z,rapid_passthrough,rapid_passthrough-075
bc1qlnzg8nldlk6t39le7dy9wdjk9h4j40eatknu6e,peeling_chain,peeling_chain-025
bc1qlp38aqqrv85v9937q5gttg7k2t7p0tsh86u4ms,peeling_chain,peeling_chain-023
bc1qlqclxvxtpz3h46rw5ysy9fvgfz2lt2pzpmuf0c,mixer_layering,mixer_layering-055
bc1qlz8djnqqpgftnamx0y5s4fqc70zxfzlmj09qvx,ransomware_fanin,ransomware_fanin-015
bc1qm0af79rz6weuwal3karpc5pccvj09hfqe98qqm,peeling_chain,peeling_chain-020
bc1qm39vgsjyhq2ysy9vmxt7qlzfkg2ry0rfd5nkpx,ransomware_fanin,ransomware_fanin-005
bc1qm58y8m7y2jjasut0aslyfvsxqfqayjjr3nrqtu,peeling_chain,peeling_chain-042
bc1qm6gmgytnet5kpudv32lkdu4clejlw7m6t5uuu7,peeling_chain,peeling_chain-026
bc1qm786n8yy3345yrnyz8k0hds5edfxjxvlnzxtp3,geo_hopping,geo_hopping-109
bc1qm7c0jtekprdtd36cx5kfpgcgjv4h33uv2tce4w,peeling_chain,peeling_chain-036
bc1qm8hygzfusfpwpedrm55jca2upjju4lrz24rpaz,peeling_chain,peeling_chain-039
bc1qm97ylqrah84vtc4h7h90sderrmqs6vpjczzavt,sybil_broadcast,sybil_broadcast-089
bc1qmafppu3erte9l80527fuk7h0nc5j4dz6whrreu,peeling_chain,peeling_chain-021
bc1qmerkhy9p4dqmg76r7rumhwdsvsndcyw8squhrn,sybil_broadcast,sybil_broadcast-091
bc1qmfcvzvzlx373x89r8mfk2ra9zqm8wwzllm0xu2,mixer_layering,mixer_layering-052
bc1qmfn2cjdmws9qq5fkqg8z7yuffr5zwlqsk6pe6p,peeling_chain,peeling_chain-022
bc1qmjvd0qxja2gzd0uhhq5mwltg9sjvdyslu962q2,sybil_broadcast,sybil_broadcast-090
bc1qmktg6hssvcg0kryvqv0m0mde298rjsnu3stq9r,mixer_layering,mixer_layering-048
bc1qml3qlh2m48pv8v8kxd3qn9x9k093mywzu76ya7,mixer_layering,mixer_layering-054
bc1qmmuqm9v7zy4w8grflhtmxvmxmjzgg65eanga7h,sybil_broadcast,sybil_broadcast-098
bc1qmplgvpqw9mxy0lcws8vdf2dm3kmfyk5v55uftu,peeling_chain,peeling_chain-021
bc1qmr7hwmmyh3f6tjvstwe52mpu3ymwetkv857mw3,peeling_chain,peeling_chain-025
bc1qmsfet7uhes4vkv9adp6aah4ng767sf0p808ygk,sybil_broadcast,sybil_broadcast-098
bc1qmsx6qz5753lxn9ln5q03t3wnkjuhlt4ltv5nd2,peeling_chain,peeling_chain-036
bc1qmwheds3xdwszttepzc7666w264a4dlk5z855wp,peeling_chain,peeling_chain-027
bc1qmy22665uh59p8mcsceed2jkunysyany52ztg7r,mixer_layering,mixer_layering-053
bc1qmys0020lu4l4dam6pykaqnpazlhfqj0jx6n3gc,peeling_chain,peeling_chain-035
bc1qn3ngvcutmvnw8n0gq05u686mh97zgsqqw39vmq,mixer_layering,mixer_layering-055
bc1qn4qt73wssaxe03d9ceeh8jtyjmk3w30zrwwahq,ransomware_fanin,ransomware_fanin-015
bc1qn6x4xkj4ha7axft8pzawhumexcu0nq0jwehm58,rapid_passthrough,rapid_passthrough-085
bc1qn84wk5waxwvmnz9ztrs76a79v5nkgnta8jfdve,ransomware_fanin,ransomware_fanin-012
bc1qnak5p30hvfsj7mfmwv7zvs8puy4dmxtlaklsj7,sybil_broadcast,sybil_broadcast-099
bc1qnf2j36gs7nxxh7yxhv6r8ulzzeerdw0t29ldxx,peeling_chain,peeling_chain-039
bc1qnfgnayfea7wl6syjg50hdc88r7rzzdm8s4znmx,peeling_chain,peeling_chain-031
bc1qnfp7fejvt9ndv6ur7uft7rdz4jm4erjgcrxdfq,peeling_chain,peeling_chain-037
bc1qnje55990dwvfkmllvqgzh3c25esp30r79z9kes,peeling_chain,peeling_chain-032
bc1qnjed2cqwa2pya4r4ktzexkddg0rk87xtvnj8f5,mixer_layering,mixer_layering-050
bc1qnjs3djdxuqhxgvqcarw5s5rja4tjefca2t5767,sybil_broadcast,sybil_broadcast-096
bc1qnk4vatt87pldjku08vmxf69xyz4dvnjq505j0w,mixer_layering,mixer_layering-044
bc1qnkw9sel56ayrnanaej2ceqy3ggxafx7z7thakp,peeling_chain,peeling_chain-034
bc1qnm9z00knlmqnkett8yzrlyjcus8q8jjzyj4eaq,sybil_broadcast,sybil_broadcast-089
bc1qnp44xmz8uh9dc0phdxzmyhng8y08r46fdjfny8,geo_hopping,geo_hopping-114
bc1qns6068uluxwrregs86raf3h3t4637sshe03mru,peeling_chain,peeling_chain-028
bc1qns7jmm6eeqqwfzrwfdk88gwgjqztfjpuzffwer,mixer_layering,mixer_layering-046
bc1qnswq0xnurl6dvdkwwqr29jj66y5g5k9vql28f4,peeling_chain,peeling_chain-019
bc1qnuh7zeycwcn8uyg7zcgl8u0zz8p6ymhnqd3hvy,peeling_chain,peeling_chain-027
bc1qnw8rvvmy8wq68hevz0azh9jxael8kut0nfcsu3,mixer_layering,mixer_layering-045
bc1qp0mj95fvspruc5znprcjxz8clv7zjj4ah542qp,mixer_layering,mixer_layering-055
bc1qp37tcn5nekx6sqs2he7e3pexww8506lyrzlyxv,peeling_chain,peeling_chain-040
bc1qp3swptyw9mhjyjdtxp5p2s378gwyt4n6gjukln,sybil_broadcast,sybil_broadcast-097
bc1qp49eapdj4syvdftn3zs2f367g9dz5yjf3dmsvu,mixer_layering,mixer_layering-048
bc1qp5xllpe9t3dx4wg6ga7rk6jsvfrq8pqg9tx0q3,peeling_chain,peeling_chain-030
bc1qp7xlh59a4t9styjh9ktayp6lh8uctthdznv03a,peeling_chain,peeling_chain-040
bc1qp849xgqqxdm3g4v5pplvl3x0h3jnhmc0xhaqhl,peeling_chain,peeling_chain-041
bc1qp94pgllfyeq072pxguquyneamr44aejc6nt6x2,peeling_chain,peeling_chain-042
bc1qp9dthzfl9dgl607z35cuva7lm8f83hqj6l2s5m,peeling_chain,peeling_chain-034
bc1qpa7e3ns7gvc4l6axwz5k63wdaxa0ar7s7uulw3,peeling_chain,peeling_chain-033
bc1qpaak69dap8vec73xc8l9wn4gd8j5nmp3cqux86,mixer_layering,mixer_layering-048
bc1qpamuu0q2a6mjvgrfz4l9gyp3pe0nmtrca3s7nl,mixer_layering,mixer_layering-047
bc1qpaypusv47yzjkhvdf0pgee2hs7g7feevjkkhs2,sybil_broadcast,sybil_broadcast-093
bc1qpel992a4jyw6hkgvljgy4dul5crxjdr9s68ydn,peeling_chain,peeling_chain-034
bc1qphg5grekmryp8ml5yg6vf9x262vnpxefhjaf4p,mixer_layering,mixer_layering-053
bc1qpj9m9m9n8zz0n89xnhfcv538avksqey7evw7cx,mixer_layering,mixer_layering-046
bc1qpk924fyeza3dgtzh404w5vfqj77rzhm03s2q5l,mixer_layering,mixer_layering-052
bc1qpkkrgjmcgc2e3thsplacu9ydy2j08tprc32n30,peeling_chain,peeling_chain-022
bc1qplh2ausgl5wcvxjxqe99jnky4z2kgq29ecx42y,sybil_broadcast,sybil_broadcast-098
bc1qpmt9795lxjvd8uf7vn5q7ucmac9a7mrtzfv35f,peeling_chain,peeling_chain-024
bc1qpqcajt3scxzlkxgkp3flffj4yvh6ml3phhstg5,peeling_chain,peeling_chain-023
bc1qpr9rx65d7jzav5we7ya6ql92d7mwkvxlnqn50a,mixer_layering,mixer_layering-045
bc1qpu2macwxxu7l8u4xmja2pvs69hs7ujzaemnknq,peeling_chain,peeling_chain-039
bc1qpu64uttk2wzgck2zpzkm9z3khr9y6xcs7pqyhu,peeling_chain,peeling_chain-028
bc1qpu9y0cvhk2s4veut8qltaqrjaptq2ve83nzrce,peeling_chain,peeling_chain-032
bc1qpvvzeskygcyemphujhtpwcrv2v5y8lf59w95uk,mixer_layering,mixer_layering-055
bc1qpx4faha9f3653pg2rgg0kmkdupknf9dw6c3j2d,peeling_chain,peeling_chain-031
bc1qpxvt4pvch530n8wnnftkvc2cv5p6xuqjx7rs33,peeling_chain,peeling_chain-019
bc1qpz0s6ydlazs57sry4w9ld8wc6n7g6swga7ffhz,peeling_chain,peeling_chain-042
bc1qpzlynxxhnjxkgekfqsj58fakupffwxm2skcvw3,mixer_layering,mixer_layering-050
bc1qq4nxkhtmddt0jjefpw4smvt346ecsljnx4jg6e,mixer_layering,mixer_layering-055
bc1qq5sel6888p0tqq3qzjapr33umee0azfvjexudf,peeling_chain,peeling_chain-027
bc1qq82km4ng65cdvfc2vfmyntz9hqtzps0x0cgutk,peeling_chain,peeling_chain-023
bc1qq9guwr4jr747ll8fsqta67p9qx734vns7hah5d,sybil_broadcast,sybil_broadcast-092
bc1qqaqwsfv5zmng528tu77s070v3s93jsqlvd78ss,mixer_layering,mixer_layering-056
bc1qqjp8xleysu9jywt4cn3nzqf56095acqrq72wcc,peeling_chain,peeling_chain-039
bc1qqjxlxkj7k6sqmql6l40tglly96m6erfycc2ryv,sybil_broadcast,sybil_broadcast-095
bc1qqka2q7g9rgkr2j9rfukppced9ankqfy6hn8ztm,mixer_layering,mixer_layering-057
bc1qqkjhvr8jg0cepwap3p3c8qlqd5csf8ywmavw9d,geo_hopping,geo_hopping-108
bc1qqtkth8mxx4sscdnn8mys90nagutlvc8x35y2q9,geo_hopping,geo_hopping-116
bc1qqxtdymkny2ayx2jd3zyfk54np70y5a7y24hts0,sybil_broadcast,sybil_broadcast-096
bc1qqy9c5arhaq0ea5ywz2jpnuw7z8cspj66qylcuz,mixer_layering,mixer_layering-051
bc1qqz7v28pw4afwz60jmt9tsltn7e64q0scmzn0hv,mixer_layering,mixer_layering-043
bc1qqzggfzld4qgz0g5qul34g9lqt325pdfpfura7h,mixer_layering,mixer_layering-057
bc1qr3t42fw9nv2lfc38de78lmc7qpfx8fh4r3yee6,geo_hopping,geo_hopping-101
bc1qr583pv38g9cnth6kfhvc4up562a8d3n8grta5p,mixer_layering,mixer_layering-050
bc1qr7qh4r8hre5lf709dym5vz7s99aqh2ddfcaate,peeling_chain,peeling_chain-021
bc1qr9975z9ftgewk56shf3fxtz4swsqeamh7cl9ec,peeling_chain,peeling_chain-042
bc1qr9vr0wjlcl5dvfaxxpth9d8c5wr472umn9xv8k,mixer_layering,mixer_layering-052
bc1qralyey9c82n0jcmsf0a6dvzaxzh6pfdtk8sp56,sybil_broadcast,sybil_broadcast-092
bc1qraxm99a40hpkpwy9aykstmq52wnmpk3ncga044,mixer_layering,mixer_layering-052
bc1qrgpxl0ep9e5w87lhc3tcgcvu2jphwejqg5877s,peeling_chain,peeling_chain-025
bc1qrmhfv7seak5284ewyjykgj9efsvcz5zpfz9h52,mixer_layering,mixer_layering-046
bc1qrs35e77zwja5akgf5lhlsnsfagc3tuhlqal3fy,peeling_chain,peeling_chain-028
bc1qrs999crr4tmzm4yw8dny2hgl6mhr6vc8az2547,mixer_layering,mixer_layering-049
bc1qrvgtp7kdnsmeygxvtpkkhsxz8kd0pgscxu74th,peeling_chain,peeling_chain-036
bc1qrvu2wpkmrucjmvf84z4f7svn3j6zg945r7euqg,mixer_layering,mixer_layering-056
bc1qrwjqzvkhae84m5kh6u6ac7g2th398jadyjjs3q,peeling_chain,peeling_chain-041
bc1qs0hmpzkgs8tdkj6x5w7ktplzlkpvnnnhg446vp,mixer_layering,mixer_layering-044
bc1qs2j4uc26r9twtq9shxmklrptkccj4qzw9cevzy,peeling_chain,peeling_chain-029
bc1qs3n75avs8xzeh2xllawpc4p6t3c96se5czv4nr,peeling_chain,peeling_chain-022
bc1qs3vvq4yqdnxwytqglkd6lqgn2geqc8kvqhmxjk,peeling_chain,peeling_chain-033
bc1qs3xxejhzynqv242dzk2y8g4hlhu6jppgzf9e89,mixer_layering,mixer_layering-056
bc1qs55cge2afnt76jsw5cg3tdz7v9qgmrajteuqqg,mixer_layering,mixer_layering-044
bc1qs6j9t6tpcpzcl6u92ug6gdz273z7ks583sjfp7,ransomware_fanin,ransomware_fanin-014
bc1qs8qe4jm70mz4wkczqpcm5hkzlm7pxyjzqxuru8,mixer_layering,mixer_layering-057
bc1qsc934py522vpq5cun798s8k4nsudyc4vptzlgn,peeling_chain,peeling_chain-039
bc1qsf0lhzy2ahm95ufa43y867zv3dqe5yq93pvnkp,sybil_broadcast,sybil_broadcast-095
bc1qsgglg04gmnsvu2auhuqn8ma3dr7642dys704e2,mixer_layering,mixer_layering-056
bc1qsk0equ9lfh5zpjz3c0cq8jgdr9e6c5vpjz8nf7,peeling_chain,peeling_chain-019
bc1qsnymd79n47knff5uztmgw5njehhpzj3je23unr,mixer_layering,mixer_layering-046
bc1qspvs63sw9e79qltccd0te68nsqflv8r492jgjk,mixer_layering,mixer_layering-049
bc1qsqv325n5a6afrwytzshy85vf3levh9xphcfwtr,ransomware_fanin,ransomware_fanin-008
bc1qsqxzhj5m03scaqcknxuk68dqvvv6a092pes5sc,sybil_broadcast,sybil_broadcast-090
bc1qsudx8a5qgevpq6qs7gf5ujtng53eqppr9pyj9z,peeling_chain,peeling_chain-037
bc1qsxmywk9k02l5sa9msyhv9snpj7k93w00em6rvp,peeling_chain,peeling_chain-032
bc1qsykn47u5ercmn8rw0ty2z6td2akgfrx24j3k3d,sybil_broadcast,sybil_broadcast-094
bc1qt2ca0eyq4mk3n09jmv9unt2pznys9ztrrsjatf,peeling_chain,peeling_chain-038
bc1qt2mv0uzacutyssm238rfpx0us5yyskvuknppu3,mixer_layering,mixer_layering-052
bc1qt55tcvcnee85s6wg0cwtnmeaf55ydy43ftwlrt,mixer_layering,mixer_layering-043
bc1qtaltfwpgllfqc0lfvnypgh4u3y6jfygcpwnxcq,mixer_layering,mixer_layering-047
bc1qtcn6jsn27fp6vsyq25fk9p0h6cw7jw0sgd90v3,peeling_chain,peeling_chain-025
bc1qthjkjf26gudf2p5dd8efl536nncj5szt4g3kr4,sybil_broadcast,sybil_broadcast-089
bc1qtjca4y59zsf92zl8jm9zn2jpmmr26kgfvmlldv,mixer_layering,mixer_layering-046
bc1qtkzz3xahhz7g7pvfv26lfa8t6nvrj39yscmv5t,sybil_broadcast,sybil_broadcast-098
bc1qtlu0dy6alfem6nv4ug5z0jr0d5zc7xacvgtvj7,peeling_chain,peeling_chain-035
bc1qtmph5adk059z8ay6uyk74n3palwrj3gz26695f,peeling_chain,peeling_chain-020
bc1qtq06wyp8sjphfs446wprj0gu78whep6mefqckf,rapid_passthrough,rapid_passthrough-062
bc1qtqvsk87nzw3pdatrr9nwu866a52sp63sah7h7r,peeling_chain,peeling_chain-028
bc1qtrjkhx06kxzn33u8wd83ncrssy4jxuy66udgfn,mixer_layering,mixer_layering-047
bc1qtrz0z37htcvynm78na036pkl4hc8uvxlnxhyy2,rapid_passthrough,rapid_passthrough-064
bc1qtseunk9gu03dhe6sxl7cpduzwpw7lav48qkf0q,mixer_layering,mixer_layering-051
bc1qttav0l09987fcnr9kcpeq9gc02m86g7xkzkpw6,peeling_chain,peeling_chain-036
bc1qttml0d82hsng4n9age3jue72n3f7jeaqus5egd,peeling_chain,peeling_chain-024
bc1qttxtq4h8kc85vmyvmgtgvhhccegv8y7n8hmk87,geo_hopping,geo_hopping-112
bc1qtuv50pzsqjdmgfdgk9cpxw9r6sem777j3admrp,mixer_layering,mixer_layering-048
bc1qtvcjn36hly47vhf2muh7v0dz0m58jq5c0y7vsk,mixer_layering,mixer_layering-045
bc1qtw8gkxye90tav95vu0dcqte6a6nvh2qcewe5er,sybil_broadcast,sybil_broadcast-088
bc1qtxk734h2j3zfuxkw5qjw7ulzh7yusecgf5q8ht,mixer_layering,mixer_layering-049
bc1qtzdctd6w7xju03sy5jk55qaqax72p04upkyt5u,sybil_broadcast,sybil_broadcast-098
bc1qu58g03nxekxsagrrtpsdvpx0e2fczgzxmdr8r7,peeling_chain,peeling_chain-021
bc1quc6v35jj4fhnu87rmyls4ud40f3nupvkcu6373,sybil_broadcast,sybil_broadcast-092
bc1quf6d78y2jlf7hkwcxc8pwsl90jzqxz9789c4s4,rapid_passthrough,rapid_passthrough-086
bc1qul427zznkauhlcjkaject3rjzaxmlsn6qq95ft,peeling_chain,peeling_chain-032
bc1qunfmr2k4qhyqrczg3vrzdd5mlm2v60fzva4yn3,peeling_chain,peeling_chain-038
bc1qup7x995ga89zm4xr2qd538sjhxwjax7d2zrr2s,peeling_chain,peeling_chain-021
bc1quqvt92vu6yn0phmjyxfptq55knut5xvpsfazk8,mixer_layering,mixer_layering-054
bc1quv824cce3zh7vwns7jfcqdrpnwhgue5tyv5v3u,sybil_broadcast,sybil_broadcast-092
bc1quvx70tt657n6kewps7vktwckqgxhkw6jy8wht2,rapid_passthrough,rapid_passthrough-077
bc1quxxy2wjduvzp22qhwjvevrdmx25atz9y5gq9up,sybil_broadcast,sybil_broadcast-089
bc1quy3gt5gyxyg4vhck3zt07yhakfyzvk2sm28alh,mixer_layering,mixer_layering-049
bc1qv26frg2jnxfamexahzud8343hskjjykpxexmwh,mixer_layering,mixer_layering-046
bc1qv2vs8eq67pugsh8n4n240y2m336wy4cf4wzad3,peeling_chain,peeling_chain-033
bc1qv35qjj463f5wnn0czajdq6zp2v86na8xs7f8pj,sybil_broadcast,sybil_broadcast-098
bc1qv3eq9x0quet52clqv6jv2exccxkmuydgef4l8g,mixer_layering,mixer_layering-044
bc1qv4yw9l76mj3ywvsml0lua0hvvcdzdy9kmzeaa9,sybil_broadcast,sybil_broadcast-088
bc1qv8jj92e95enxut26s3szsz7ke8m2kv6sad78qd,peeling_chain,peeling_chain-042
bc1qvamn8sgpx2228twvj5gt9ag8ahg4urktle6gum,peeling_chain,peeling_chain-024
bc1qvcl4qmh24l8xsvlsucm2xkmtwzr8unshaht7fe,peeling_chain,peeling_chain-028
bc1qvj8wezqktyvg9m4a7ldlglff6awdag9q36djte,peeling_chain,peeling_chain-022
bc1qvjzd2hctcgjk3akmd5xyt6chxt0fslcn0r9u2c,mixer_layering,mixer_layering-057
bc1qvk956gnpv2uf6pqmm5mhx3gm8qnxkp8uy505wk,mixer_layering,mixer_layering-057
bc1qvkc37mheac24uwm3r7mkphhvalrmau7l0yqpza,peeling_chain,peeling_chain-026
bc1qvmc0zk98jlm4sva3f6hta4vstazs7dmvn0u6np,sybil_broadcast,sybil_broadcast-099
bc1qvmpzxja8jn5g876mfzee8wsf9llgt9t7ceq9tx,sybil_broadcast,sybil_broadcast-089
bc1qvndlvjmp59sdj9z2prdcrv36qw479xceaxrhx0,peeling_chain,peeling_chain-029
bc1qvpkc7u609an755k2tm474x8kdkpt2ut74k8sx4,mixer_layering,mixer_layering-044
bc1qvsjake8p5xukkhukwpd0tkmzzfsms72m97htqz,sybil_broadcast,sybil_broadcast-095
bc1qvt69z88c45v9xgwg5fryk95pw95jlu84w6gf3g,peeling_chain,peeling_chain-031
bc1qvz7ezj4z09nzsfa3f2klslp3gksmss0a7ecxwh,sybil_broadcast,sybil_broadcast-090
bc1qw03f98mhmhhwlkkcegrz676zjvwg7mdfqwqt78,peeling_chain,peeling_chain-034
bc1qw0jn09lj8qz2908veedn8q4upd8lmrvlkufpqn,sybil_broadcast,sybil_broadcast-098
bc1qw0teh5javar5ymm8dn8fxe54wx2hjuz7cz72tc,sybil_broadcast,sybil_broadcast-091
bc1qw5hrefku4t9ltr3wq6rqwe3ldf462shcy224yy,mixer_layering,mixer_layering-054
bc1qw7nz8y3dmerhmp08c4juvcmqa5lj3suwhjtn8u,peeling_chain,peeling_chain-029
bc1qw9ntpl6up0j5akeycm5snr3t83cycmmt4sdjzl,sybil_broadcast,sybil_broadcast-090
bc1qwaa3fxfsnf2gpzwmnj3q3zt373wha08vfa52yv,peeling_chain,peeling_chain-019
bc1qwaa8sh9h9wa5ankesnyskfa00ad5g2tz6etz4n,peeling_chain,peeling_chain-039
bc1qwayynpcajytz6axew56v8c6pupn7pzpgkfs4my,peeling_chain,peeling_chain-023
bc1qwdlcdcszmf6sc7r8wtkqxrcpuhj8jvjgj3fvmw,peeling_chain,peeling_chain-027
bc1qwgstv99fz24js0wvt29vrgp0tuzey7kpwvxytv,peeling_chain,peeling_chain-042
bc1qwhs5cggwym3tcny7222ad7uv3tefd9mt30yxyx,mixer_layering,mixer_layering-044
bc1qwhu6e04vnqgxcrg6equwz6r83xt5mhpvjkqsmx,mixer_layering,mixer_layering-048
bc1qwj94sshawyp5j0mpzwn8j9zakxclmxc5eq2tdt,sybil_broadcast,sybil_broadcast-090
bc1qwkh273lf8g8lqqjnwhzatrjnuz6p0nq94maege,mixer_layering,mixer_layering-049
bc1qwlk2e96n5j5dggl3m483vngdy2y5zjz59sn6cf,rapid_passthrough,rapid_passthrough-063
bc1qwmd3gf656gdv6mzulrs436492zpn3zcywn70sz,peeling_chain,peeling_chain-041
bc1qwptsycc8r6ghrwst4a59gmhf7d6z622evx9ht2,mixer_layering,mixer_layering-045
bc1qwudk7txku4mdhf8xz55h4208yxtzndw688l8ll,peeling_chain,peeling_chain-025
bc1qwukappkc6ny55wflngj2r2wscd8ky5y4vqscc5,mixer_layering,mixer_layering-057
bc1qx0um2jpkcvwmduxftfzc7p5rtu9h32pzcuce9l,mixer_layering,mixer_layering-045
bc1qx4wz0jxd009xdv5nafp7nxkg505xmmcfs8kj2y,mixer_layering,mixer_layering-053
bc1qx8tqwwstx77k53u6at4tpkkva3lvd5y3al8rq3,peeling_chain,peeling_chain-030
bc1qxdqydc4cq3hv0z8hd3qhy9wwppp940heu54lhy,peeling_chain,peeling_chain-026
bc1qxg44ggr27vd7cq22s9apzlz2a7zxnkt3trps0c,peeling_chain,peeling_chain-025
bc1qxgddvteh4uuzut0v5qqlxf4hucawar7qx0wg0q,mixer_layering,mixer_layering-051
bc1qxgqpezjzr7y2hp2d7pkd8aayu3pgeg872clcyp,peeling_chain,peeling_chain-035
bc1qxhgy3g5mj09d84hlf8ume6rf3edzz363q9gcn8,peeling_chain,peeling_chain-023
bc1qxjp9h43hcpsqyp62z3455sgmmmdwjzfas3ya3t,mixer_layering,mixer_layering-055
bc1qxlj9lw3j33fajd8tfpkujtpy7fhgw4y5t2edfn,peeling_chain,peeling_chain-039
bc1qxm4y9m57e6a64hef8vzsdmpz072yzn2qaly9s0,sybil_broadcast,sybil_broadcast-094
bc1qxtypl0z2wg333zvxwv7xstecsxudlyjfa0mznl,peeling_chain,peeling_chain-019
bc1qxv8rz6vnqsfwgsh7l4nt33t7xn5rs2x92ewy5j,peeling_chain,peeling_chain-041
bc1qxw0evyf8pag09mg9ct2am009xta90kcq367qvx,sybil_broadcast,sybil_broadcast-091
bc1qxxed9wgz858kf0rvga7p9lc2rv0q9zcwgflzh5,geo_hopping,geo_hopping-115
bc1qxxnhykgmh4muw4hpmua04nmak4pl4ke8kngj4j,peeling_chain,peeling_chain-030
bc1qxy833ytrzn3juf3ujkk2uh9t76cr54d9p4cne5,sybil_broadcast,sybil_broadcast-098
bc1qy0dnax2rwrf8p9ezyqf6aefsfqnnekl8esj44c,peeling_chain,peeling_chain-033
bc1qy3f8xznddesuj3p4gflegye4r7lmp2yqg93k8j,peeling_chain,peeling_chain-029
bc1qy7ex7z2ak0vvpa522adztyqvtclk5ca5kdn0f5,mixer_layering,mixer_layering-045
bc1qy8ymrf3ekgauc57xjwe9smss40vd94tujxvh7x,mixer_layering,mixer_layering-049
bc1qy9ussj92hv3d5x27q2f2k0sg0uwrmhl8cenz2h,peeling_chain,peeling_chain-030
bc1qydhqugtag2urwgadcsh9wylvunhnqkpkh9sg8w,sybil_broadcast,sybil_broadcast-097
bc1qye87gjyyq7g73c9huhvaewaly3retf87hkwgz6,mixer_layering,mixer_layering-050
bc1qyehz5v0zph6l69lv0r2jvhzw0xznvyuwaerwec,mixer_layering,mixer_layering-047
bc1qyhum8yp7lmfajnf6e522sxfe3v388c6wza4k30,mixer_layering,mixer_layering-044
bc1qyjjhmrz3q6glfwkmmgq9fm9azft0e4dupdx3jm,mixer_layering,mixer_layering-048
bc1qykes80hsmqqprve0ck52cvuwpducgxqhgluqth,mixer_layering,mixer_layering-053
bc1qyl2quw3xt467mpm3c0x3507z92rks5f7jf0z4p,peeling_chain,peeling_chain-036
bc1qylskzv49dp4zznfzfswls5cdt5l9rdu0e90xv4,sybil_broadcast,sybil_broadcast-090
bc1qynu96ygnc2lv8scxt7txl8qtp6gmr9rwl0s3rl,peeling_chain,peeling_chain-021
bc1qyp5503xwq6885ssdqf4eal2p7zmkz702dl5cgc,rapid_passthrough,rapid_passthrough-074
bc1qyv50rw8lkyd90a3gz6wjrexmj5spycejqhkqdt,peeling_chain,peeling_chain-032
bc1qyzhl37vcqfg2hh0dd692dcxljrctnn4a5xm0ke,sybil_broadcast,sybil_broadcast-088
bc1qz0dl84n08ljmgt0v3fcpr4yyh4p3ds33a29qlc,sybil_broadcast,sybil_broadcast-089
bc1qz64vsz86pxa2sgzxgcq6smxkhc8jxkgeyupwd5,geo_hopping,geo_hopping-122
bc1qz6h56k2x9lcke67gqrft0288cqpp96wa3e7yex,rapid_passthrough,rapid_passthrough-082
bc1qz7c93gyy33le6zpmlkdnpaaw79vc3eqxzf8rtw,peeling_chain,peeling_chain-032
bc1qzcw8zaw8cs8ygl64xxhr9uh937k3x7s5qzqcy4,peeling_chain,peeling_chain-027
bc1qzgarlw4nh2px33kh6chtn5knn9886grrpt9ulg,mixer_layering,mixer_layering-057
bc1qzh78ce6gg47u80hgm8s45rlfsnjplltr44yzx7,sybil_broadcast,sybil_broadcast-094
bc1qzhagde7pqm9uh5zkxr63s6w4fe7pd87w35vu7g,peeling_chain,peeling_chain-035
bc1qzjhdkyvruaex4g9hgw5w2frtj73ltlcmjgzfpm,peeling_chain,peeling_chain-020
bc1qzl5ayq423y0jpd5722pmvl6h2g7s8xvyal3zd2,peeling_chain,peeling_chain-036
bc1qzlgxzws40j6ntz4jm6ltm5ej3vply35tw098dt,peeling_chain,peeling_chain-039
bc1qzlneas893yywr09s5ruazyv24q40kwgnthva3d,mixer_layering,mixer_layering-057
bc1qznuqpqru50h3qqql70g092lt49v3jt4pc5kcvg,mixer_layering,mixer_layering-051
bc1qznvk554d5j0gjglucpr7yg804k8f5h0ykkkjft,peeling_chain,peeling_chain-026
bc1qzsaz7rzcywmld22zn9jef5d9yx994ukt9ny94f,mixer_layering,mixer_layering-048
bc1qzwa05vympsracaac82t25689y787zstxpz9m2y,peeling_chain,peeling_chain-029
bc1qzwjvhpyawz96rlfw5dfc76p5retggxy2y6sxja,rapid_passthrough,rapid_passthrough-081
bc1qzwrljt2gj09w8m886axrmvljg56a2cwv0d73wr,sybil_broadcast,sybil_broadcast-097
bc1qzxzaa7tuz7m2fd2v4y9k7aumug6lqf93fr9hcr,peeling_chain,peeling_chain-025
bc1qzxzwggfdcwzvxjf9zkxdwvmthwtsh5cvrmvxzt,peeling_chain,peeling_chain-037
bc1qzygkpwqqkezcmumwaum2ttpj0dy42hv06mq9az,sybil_broadcast,sybil_broadcast-092
